file,line,type,commit,author,date,time,timezone,datetime,depth,length
style.css,1,css,8c631c07,Sean Harmon,2025-10-07,12:07:42,-07:00,2025-10-07T12:07:42-07:00,0,1
style.css,2,css,8c631c07,Sean Harmon,2025-10-07,12:07:42,-07:00,2025-10-07T12:07:42-07:00,1,12
style.css,3,css,8c631c07,Sean Harmon,2025-10-07,12:07:42,-07:00,2025-10-07T12:07:42-07:00,0,0
style.css,4,css,8c631c07,Sean Harmon,2025-10-07,12:07:42,-07:00,2025-10-07T12:07:42-07:00,0,0
style.css,5,css,4a31a966,Sean Harmon,2025-10-06,14:26:52,-07:00,2025-10-06T14:26:52-07:00,0,5
style.css,6,css,4a31a966,Sean Harmon,2025-10-06,14:26:52,-07:00,2025-10-06T14:26:52-07:00,1,39
style.css,7,css,4a31a966,Sean Harmon,2025-10-06,14:26:52,-07:00,2025-10-06T14:26:52-07:00,1,49
style.css,8,css,e8f8b8b9,Sean Harmon,2025-10-13,21:32:55,-07:00,2025-10-13T21:32:55-07:00,1,23
style.css,9,css,e8f8b8b9,Sean Harmon,2025-10-13,21:32:55,-07:00,2025-10-13T21:32:55-07:00,1,72
style.css,10,css,4a31a966,Sean Harmon,2025-10-06,14:26:52,-07:00,2025-10-06T14:26:52-07:00,0,0
style.css,11,css,4a31a966,Sean Harmon,2025-10-06,14:26:52,-07:00,2025-10-06T14:26:52-07:00,0,0
style.css,12,css,4a31a966,Sean Harmon,2025-10-06,14:26:52,-07:00,2025-10-06T14:26:52-07:00,0,2
style.css,13,css,4a31a966,Sean Harmon,2025-10-06,14:26:52,-07:00,2025-10-06T14:26:52-07:00,1,13
style.css,14,css,4a31a966,Sean Harmon,2025-10-06,14:26:52,-07:00,2025-10-06T14:26:52-07:00,0,0
style.css,15,css,4a31a966,Sean Harmon,2025-10-06,14:26:52,-07:00,2025-10-06T14:26:52-07:00,0,0
style.css,16,css,f282076d,Sean Harmon,2025-10-20,13:55:59,-07:00,2025-10-20T13:55:59-07:00,0,2
style.css,17,css,f282076d,Sean Harmon,2025-10-20,13:55:59,-07:00,2025-10-20T13:55:59-07:00,1,17
style.css,18,css,f282076d,Sean Harmon,2025-10-20,13:55:59,-07:00,2025-10-20T13:55:59-07:00,0,0
style.css,19,css,f282076d,Sean Harmon,2025-10-20,13:55:59,-07:00,2025-10-20T13:55:59-07:00,0,0
style.css,20,css,4a31a966,Sean Harmon,2025-10-06,14:26:52,-07:00,2025-10-06T14:26:52-07:00,0,22
style.css,21,css,4a31a966,Sean Harmon,2025-10-06,14:26:52,-07:00,2025-10-06T14:26:52-07:00,1,15
style.css,22,css,4a31a966,Sean Harmon,2025-10-06,14:26:52,-07:00,2025-10-06T14:26:52-07:00,1,17
style.css,23,css,4a31a966,Sean Harmon,2025-10-06,14:26:52,-07:00,2025-10-06T14:26:52-07:00,0,0
style.css,24,css,4a31a966,Sean Harmon,2025-10-06,14:26:52,-07:00,2025-10-06T14:26:52-07:00,0,0
style.css,25,css,4515f44c,Sean Harmon,2025-10-20,18:55:56,-07:00,2025-10-20T18:55:56-07:00,0,11
style.css,26,css,4515f44c,Sean Harmon,2025-10-20,18:55:56,-07:00,2025-10-20T18:55:56-07:00,1,19
style.css,27,css,4515f44c,Sean Harmon,2025-10-20,18:55:56,-07:00,2025-10-20T18:55:56-07:00,0,0
style.css,28,css,4515f44c,Sean Harmon,2025-10-20,18:55:56,-07:00,2025-10-20T18:55:56-07:00,0,0
style.css,29,css,13852f6b,Sean Harmon,2025-09-27,20:38:39,-07:00,2025-09-27T20:38:39-07:00,0,4
style.css,30,css,4a31a966,Sean Harmon,2025-10-06,14:26:52,-07:00,2025-10-06T14:26:52-07:00,1,32
style.css,31,css,4a31a966,Sean Harmon,2025-10-06,14:26:52,-07:00,2025-10-06T14:26:52-07:00,1,23
style.css,32,css,4a31a966,Sean Harmon,2025-10-06,14:26:52,-07:00,2025-10-06T14:26:52-07:00,1,15
style.css,33,css,8c631c07,Sean Harmon,2025-10-07,12:07:42,-07:00,2025-10-07T12:07:42-07:00,1,42
style.css,34,css,ae4523b7,Sean Harmon,2025-10-13,19:37:18,-07:00,2025-10-13T19:37:18-07:00,1,14
style.css,35,css,13852f6b,Sean Harmon,2025-09-27,20:38:39,-07:00,2025-09-27T20:38:39-07:00,0,0
style.css,36,css,13852f6b,Sean Harmon,2025-09-27,20:38:39,-07:00,2025-09-27T20:38:39-07:00,0,0
style.css,37,css,4515f44c,Sean Harmon,2025-10-20,18:55:56,-07:00,2025-10-20T18:55:56-07:00,0,13
style.css,38,css,4515f44c,Sean Harmon,2025-10-20,18:55:56,-07:00,2025-10-20T18:55:56-07:00,1,13
style.css,39,css,4515f44c,Sean Harmon,2025-10-20,18:55:56,-07:00,2025-10-20T18:55:56-07:00,1,15
style.css,40,css,4515f44c,Sean Harmon,2025-10-20,18:55:56,-07:00,2025-10-20T18:55:56-07:00,1,16
style.css,41,css,4515f44c,Sean Harmon,2025-10-20,18:55:56,-07:00,2025-10-20T18:55:56-07:00,1,14
style.css,42,css,4515f44c,Sean Harmon,2025-10-20,18:55:56,-07:00,2025-10-20T18:55:56-07:00,1,15
style.css,43,css,4515f44c,Sean Harmon,2025-10-20,18:55:56,-07:00,2025-10-20T18:55:56-07:00,1,14
style.css,44,css,4515f44c,Sean Harmon,2025-10-20,18:55:56,-07:00,2025-10-20T18:55:56-07:00,0,0
style.css,45,css,4515f44c,Sean Harmon,2025-10-20,18:55:56,-07:00,2025-10-20T18:55:56-07:00,0,0
style.css,46,css,9b3088e4,Sean Harmon,2025-10-07,09:06:58,-07:00,2025-10-07T09:06:58-07:00,0,3
style.css,47,css,4515f44c,Sean Harmon,2025-10-20,18:55:56,-07:00,2025-10-20T18:55:56-07:00,1,14
style.css,48,css,9b3088e4,Sean Harmon,2025-10-07,09:06:58,-07:00,2025-10-07T09:06:58-07:00,1,10
style.css,49,css,4515f44c,Sean Harmon,2025-10-20,18:55:56,-07:00,2025-10-20T18:55:56-07:00,1,19
style.css,50,css,4a31a966,Sean Harmon,2025-10-06,14:26:52,-07:00,2025-10-06T14:26:52-07:00,0,0
style.css,51,css,4a31a966,Sean Harmon,2025-10-06,14:26:52,-07:00,2025-10-06T14:26:52-07:00,0,0
style.css,52,css,4a31a966,Sean Harmon,2025-10-06,14:26:52,-07:00,2025-10-06T14:26:52-07:00,0,3
style.css,53,css,4a31a966,Sean Harmon,2025-10-06,14:26:52,-07:00,2025-10-06T14:26:52-07:00,1,12
style.css,54,css,8c631c07,Sean Harmon,2025-10-07,12:07:42,-07:00,2025-10-07T12:07:42-07:00,1,18
style.css,55,css,e8f8b8b9,Sean Harmon,2025-10-13,21:32:55,-07:00,2025-10-13T21:32:55-07:00,1,43
style.css,56,css,e8f8b8b9,Sean Harmon,2025-10-13,21:32:55,-07:00,2025-10-13T21:32:55-07:00,1,1
style.css,57,css,e8f8b8b9,Sean Harmon,2025-10-13,21:32:55,-07:00,2025-10-13T21:32:55-07:00,2,6
style.css,58,css,e8f8b8b9,Sean Harmon,2025-10-13,21:32:55,-07:00,2025-10-13T21:32:55-07:00,2,20
style.css,59,css,e8f8b8b9,Sean Harmon,2025-10-13,21:32:55,-07:00,2025-10-13T21:32:55-07:00,2,13
style.css,60,css,e8f8b8b9,Sean Harmon,2025-10-13,21:32:55,-07:00,2025-10-13T21:32:55-07:00,2,17
style.css,61,css,e8f8b8b9,Sean Harmon,2025-10-13,21:32:55,-07:00,2025-10-13T21:32:55-07:00,2,13
style.css,62,css,e8f8b8b9,Sean Harmon,2025-10-13,21:32:55,-07:00,2025-10-13T21:32:55-07:00,2,50
style.css,63,css,e8f8b8b9,Sean Harmon,2025-10-13,21:32:55,-07:00,2025-10-13T21:32:55-07:00,1,0
style.css,64,css,e8f8b8b9,Sean Harmon,2025-10-13,21:32:55,-07:00,2025-10-13T21:32:55-07:00,1,6
style.css,65,css,e8f8b8b9,Sean Harmon,2025-10-13,21:32:55,-07:00,2025-10-13T21:32:55-07:00,2,45
style.css,66,css,e8f8b8b9,Sean Harmon,2025-10-13,21:32:55,-07:00,2025-10-13T21:32:55-07:00,2,20
style.css,67,css,e8f8b8b9,Sean Harmon,2025-10-13,21:32:55,-07:00,2025-10-13T21:32:55-07:00,2,69
style.css,68,css,e8f8b8b9,Sean Harmon,2025-10-13,21:32:55,-07:00,2025-10-13T21:32:55-07:00,1,0
style.css,69,css,4a31a966,Sean Harmon,2025-10-06,14:26:52,-07:00,2025-10-06T14:26:52-07:00,0,0
style.css,70,css,4a31a966,Sean Harmon,2025-10-06,14:26:52,-07:00,2025-10-06T14:26:52-07:00,0,0
style.css,71,css,e8f8b8b9,Sean Harmon,2025-10-13,21:32:55,-07:00,2025-10-13T21:32:55-07:00,0,6
style.css,72,css,e8f8b8b9,Sean Harmon,2025-10-13,21:32:55,-07:00,2025-10-13T21:32:55-07:00,1,17
style.css,73,css,e8f8b8b9,Sean Harmon,2025-10-13,21:32:55,-07:00,2025-10-13T21:32:55-07:00,1,17
style.css,74,css,e8f8b8b9,Sean Harmon,2025-10-13,21:32:55,-07:00,2025-10-13T21:32:55-07:00,1,20
style.css,75,css,4a31a966,Sean Harmon,2025-10-06,14:26:52,-07:00,2025-10-06T14:26:52-07:00,0,0
style.css,76,css,4a31a966,Sean Harmon,2025-10-06,14:26:52,-07:00,2025-10-06T14:26:52-07:00,0,0
style.css,77,css,4a31a966,Sean Harmon,2025-10-06,14:26:52,-07:00,2025-10-06T14:26:52-07:00,0,8
style.css,78,css,4a31a966,Sean Harmon,2025-10-06,14:26:52,-07:00,2025-10-06T14:26:52-07:00,1,20
style.css,79,css,e8f8b8b9,Sean Harmon,2025-10-13,21:32:55,-07:00,2025-10-13T21:32:55-07:00,1,45
style.css,80,css,4a31a966,Sean Harmon,2025-10-06,14:26:52,-07:00,2025-10-06T14:26:52-07:00,0,0
style.css,81,css,4a31a966,Sean Harmon,2025-10-06,14:26:52,-07:00,2025-10-06T14:26:52-07:00,0,0
style.css,82,css,e8f8b8b9,Sean Harmon,2025-10-13,21:32:55,-07:00,2025-10-13T21:32:55-07:00,0,13
style.css,83,css,e8f8b8b9,Sean Harmon,2025-10-13,21:32:55,-07:00,2025-10-13T21:32:55-07:00,1,20
style.css,84,css,e8f8b8b9,Sean Harmon,2025-10-13,21:32:55,-07:00,2025-10-13T21:32:55-07:00,1,17
style.css,85,css,e8f8b8b9,Sean Harmon,2025-10-13,21:32:55,-07:00,2025-10-13T21:32:55-07:00,1,11
style.css,86,css,e8f8b8b9,Sean Harmon,2025-10-13,21:32:55,-07:00,2025-10-13T21:32:55-07:00,1,13
style.css,87,css,e8f8b8b9,Sean Harmon,2025-10-13,21:32:55,-07:00,2025-10-13T21:32:55-07:00,1,13
style.css,88,css,e8f8b8b9,Sean Harmon,2025-10-13,21:32:55,-07:00,2025-10-13T21:32:55-07:00,0,0
style.css,89,css,f282076d,Sean Harmon,2025-10-20,13:55:59,-07:00,2025-10-20T13:55:59-07:00,0,0
style.css,90,css,f282076d,Sean Harmon,2025-10-20,13:55:59,-07:00,2025-10-20T13:55:59-07:00,0,2
style.css,91,css,f282076d,Sean Harmon,2025-10-20,13:55:59,-07:00,2025-10-20T13:55:59-07:00,1,12
style.css,92,css,f282076d,Sean Harmon,2025-10-20,13:55:59,-07:00,2025-10-20T13:55:59-07:00,1,36
style.css,93,css,f282076d,Sean Harmon,2025-10-20,13:55:59,-07:00,2025-10-20T13:55:59-07:00,1,20
style.css,94,css,f282076d,Sean Harmon,2025-10-20,13:55:59,-07:00,2025-10-20T13:55:59-07:00,0,0
style.css,95,css,f282076d,Sean Harmon,2025-10-20,13:55:59,-07:00,2025-10-20T13:55:59-07:00,0,0
style.css,96,css,f282076d,Sean Harmon,2025-10-20,13:55:59,-07:00,2025-10-20T13:55:59-07:00,0,2
style.css,97,css,f282076d,Sean Harmon,2025-10-20,13:55:59,-07:00,2025-10-20T13:55:59-07:00,1,16
style.css,98,css,f282076d,Sean Harmon,2025-10-20,13:55:59,-07:00,2025-10-20T13:55:59-07:00,1,14
style.css,99,css,f282076d,Sean Harmon,2025-10-20,13:55:59,-07:00,2025-10-20T13:55:59-07:00,1,19
style.css,100,css,f282076d,Sean Harmon,2025-10-20,13:55:59,-07:00,2025-10-20T13:55:59-07:00,0,0
style.css,101,css,f282076d,Sean Harmon,2025-10-20,13:55:59,-07:00,2025-10-20T13:55:59-07:00,0,0
style.css,102,css,f282076d,Sean Harmon,2025-10-20,13:55:59,-07:00,2025-10-20T13:55:59-07:00,0,2
style.css,103,css,f282076d,Sean Harmon,2025-10-20,13:55:59,-07:00,2025-10-20T13:55:59-07:00,1,16
style.css,104,css,f282076d,Sean Harmon,2025-10-20,13:55:59,-07:00,2025-10-20T13:55:59-07:00,1,14
style.css,105,css,f282076d,Sean Harmon,2025-10-20,13:55:59,-07:00,2025-10-20T13:55:59-07:00,1,18
style.css,106,css,f282076d,Sean Harmon,2025-10-20,13:55:59,-07:00,2025-10-20T13:55:59-07:00,1,23
style.css,107,css,f282076d,Sean Harmon,2025-10-20,13:55:59,-07:00,2025-10-20T13:55:59-07:00,0,0
index.js,1,js,f282076d,Sean Harmon,2025-10-20,13:55:59,-07:00,2025-10-20T13:55:59-07:00,0,69
index.js,2,js,f282076d,Sean Harmon,2025-10-20,13:55:59,-07:00,2025-10-20T13:55:59-07:00,0,0
index.js,3,js,f282076d,Sean Harmon,2025-10-20,13:55:59,-07:00,2025-10-20T13:55:59-07:00,0,63
index.js,4,js,f282076d,Sean Harmon,2025-10-20,13:55:59,-07:00,2025-10-20T13:55:59-07:00,0,42
index.js,5,js,f282076d,Sean Harmon,2025-10-20,13:55:59,-07:00,2025-10-20T13:55:59-07:00,0,0
index.js,6,js,f282076d,Sean Harmon,2025-10-20,13:55:59,-07:00,2025-10-20T13:55:59-07:00,0,60
index.js,7,js,f282076d,Sean Harmon,2025-10-20,13:55:59,-07:00,2025-10-20T13:55:59-07:00,0,48
index.js,8,js,f282076d,Sean Harmon,2025-10-20,13:55:59,-07:00,2025-10-20T13:55:59-07:00,0,0
index.js,9,js,f282076d,Sean Harmon,2025-10-20,13:55:59,-07:00,2025-10-20T13:55:59-07:00,0,50
index.js,10,js,f282076d,Sean Harmon,2025-10-20,13:55:59,-07:00,2025-10-20T13:55:59-07:00,0,60
index.js,11,js,f282076d,Sean Harmon,2025-10-20,13:55:59,-07:00,2025-10-20T13:55:59-07:00,0,0
index.js,12,js,f282076d,Sean Harmon,2025-10-20,13:55:59,-07:00,2025-10-20T13:55:59-07:00,0,17
index.js,13,js,f282076d,Sean Harmon,2025-10-20,13:55:59,-07:00,2025-10-20T13:55:59-07:00,2,24
index.js,14,js,f282076d,Sean Harmon,2025-10-20,13:55:59,-07:00,2025-10-20T13:55:59-07:00,4,2
index.js,15,js,f282076d,Sean Harmon,2025-10-20,13:55:59,-07:00,2025-10-20T13:55:59-07:00,6,54
index.js,16,js,f282076d,Sean Harmon,2025-10-20,13:55:59,-07:00,2025-10-20T13:55:59-07:00,6,54
index.js,17,js,f282076d,Sean Harmon,2025-10-20,13:55:59,-07:00,2025-10-20T13:55:59-07:00,6,48
index.js,18,js,f282076d,Sean Harmon,2025-10-20,13:55:59,-07:00,2025-10-20T13:55:59-07:00,6,48
index.js,19,js,f282076d,Sean Harmon,2025-10-20,13:55:59,-07:00,2025-10-20T13:55:59-07:00,4,3
index.js,20,js,f282076d,Sean Harmon,2025-10-20,13:55:59,-07:00,2025-10-20T13:55:59-07:00,2,0
index.js,21,js,f282076d,Sean Harmon,2025-10-20,13:55:59,-07:00,2025-10-20T13:55:59-07:00,0,0
index.js,22,js,f282076d,Sean Harmon,2025-10-20,13:55:59,-07:00,2025-10-20T13:55:59-07:00,0,0
index.html,1,html,1d5e773f,Sean Harmon,2025-09-27,20:18:01,-07:00,2025-09-27T20:18:01-07:00,0,13
index.html,2,html,1d5e773f,Sean Harmon,2025-09-27,20:18:01,-07:00,2025-09-27T20:18:01-07:00,0,14
index.html,3,html,1d5e773f,Sean Harmon,2025-09-27,20:18:01,-07:00,2025-09-27T20:18:01-07:00,0,4
index.html,4,html,1d5e773f,Sean Harmon,2025-09-27,20:18:01,-07:00,2025-09-27T20:18:01-07:00,1,20
index.html,5,html,1d5e773f,Sean Harmon,2025-09-27,20:18:01,-07:00,2025-09-27T20:18:01-07:00,1,68
index.html,6,html,1d5e773f,Sean Harmon,2025-09-27,20:18:01,-07:00,2025-09-27T20:18:01-07:00,1,53
index.html,7,html,13852f6b,Sean Harmon,2025-09-27,20:38:39,-07:00,2025-09-27T20:38:39-07:00,1,38
index.html,8,html,1d5e773f,Sean Harmon,2025-09-27,20:18:01,-07:00,2025-09-27T20:18:01-07:00,0,5
index.html,9,html,1d5e773f,Sean Harmon,2025-09-27,20:18:01,-07:00,2025-09-27T20:18:01-07:00,0,4
index.html,10,html,ae4523b7,Sean Harmon,2025-10-13,19:37:18,-07:00,2025-10-13T19:37:18-07:00,1,8
index.html,11,html,ae4523b7,Sean Harmon,2025-10-13,19:37:18,-07:00,2025-10-13T19:37:18-07:00,2,18
index.html,12,html,17cd5d8a,Sean Harmon,2025-09-27,21:26:12,-07:00,2025-09-27T21:26:12-07:00,2,40
index.html,13,html,17cd5d8a,Sean Harmon,2025-09-27,21:26:12,-07:00,2025-09-27T21:26:12-07:00,2,43
index.html,14,html,4a31a966,Sean Harmon,2025-10-06,14:26:52,-07:00,2025-10-06T14:26:52-07:00,2,35
index.html,15,html,28820eee,Sean Harmon,2025-10-07,12:21:58,-07:00,2025-10-07T12:21:58-07:00,2,44
index.html,16,html,17cd5d8a,Sean Harmon,2025-09-27,21:26:12,-07:00,2025-09-27T21:26:12-07:00,2,61
index.html,17,html,ae4523b7,Sean Harmon,2025-10-13,19:37:18,-07:00,2025-10-13T19:37:18-07:00,1,8
index.html,18,html,9b3088e4,Sean Harmon,2025-10-07,09:06:58,-07:00,2025-10-07T09:06:58-07:00,1,15
index.html,19,html,1d5e773f,Sean Harmon,2025-09-27,20:18:01,-07:00,2025-09-27T20:18:01-07:00,1,1
index.html,20,html,1d5e773f,Sean Harmon,2025-09-27,20:18:01,-07:00,2025-09-27T20:18:01-07:00,2,60
index.html,21,html,1d5e773f,Sean Harmon,2025-09-27,20:18:01,-07:00,2025-09-27T20:18:01-07:00,2,79
index.html,22,html,1d5e773f,Sean Harmon,2025-09-27,20:18:01,-07:00,2025-09-27T20:18:01-07:00,1,2
index.html,23,html,9d0bcda6,Sean Harmon,2025-09-27,23:17:36,-07:00,2025-09-27T23:17:36-07:00,1,104
index.html,24,html,f282076d,Sean Harmon,2025-10-20,13:55:59,-07:00,2025-10-20T13:55:59-07:00,1,2
index.html,25,html,f282076d,Sean Harmon,2025-10-20,13:55:59,-07:00,2025-10-20T13:55:59-07:00,2,10
index.html,26,html,f282076d,Sean Harmon,2025-10-20,13:55:59,-07:00,2025-10-20T13:55:59-07:00,1,3
index.html,27,html,f282076d,Sean Harmon,2025-10-20,13:55:59,-07:00,2025-10-20T13:55:59-07:00,1,22
index.html,28,html,f282076d,Sean Harmon,2025-10-20,13:55:59,-07:00,2025-10-20T13:55:59-07:00,0,0
index.html,29,html,f282076d,Sean Harmon,2025-10-20,13:55:59,-07:00,2025-10-20T13:55:59-07:00,1,4
index.html,30,html,f282076d,Sean Harmon,2025-10-20,13:55:59,-07:00,2025-10-20T13:55:59-07:00,1,2
index.html,31,html,436e838b,Sean Harmon,2025-10-26,18:26:46,-07:00,2025-10-26T18:26:46-07:00,2,13
index.html,32,html,f282076d,Sean Harmon,2025-10-20,13:55:59,-07:00,2025-10-20T13:55:59-07:00,1,3
index.html,33,html,f282076d,Sean Harmon,2025-10-20,13:55:59,-07:00,2025-10-20T13:55:59-07:00,1,20
index.html,34,html,f282076d,Sean Harmon,2025-10-20,13:55:59,-07:00,2025-10-20T13:55:59-07:00,0,0
index.html,35,html,f282076d,Sean Harmon,2025-10-20,13:55:59,-07:00,2025-10-20T13:55:59-07:00,1,4
index.html,36,html,1d5e773f,Sean Harmon,2025-09-27,20:18:01,-07:00,2025-09-27T20:18:01-07:00,0,5
index.html,37,html,f282076d,Sean Harmon,2025-10-20,13:55:59,-07:00,2025-10-20T13:55:59-07:00,0,51
index.html,38,html,f282076d,Sean Harmon,2025-10-20,13:55:59,-07:00,2025-10-20T13:55:59-07:00,0,50
index.html,39,html,1d5e773f,Sean Harmon,2025-09-27,20:18:01,-07:00,2025-09-27T20:18:01-07:00,0,5
global.js,1,js,ae4523b7,Sean Harmon,2025-10-13,19:37:18,-07:00,2025-10-13T19:37:18-07:00,0,11
global.js,2,js,ae4523b7,Sean Harmon,2025-10-13,19:37:18,-07:00,2025-10-13T19:37:18-07:00,2,23
global.js,3,js,ae4523b7,Sean Harmon,2025-10-13,19:37:18,-07:00,2025-10-13T19:37:18-07:00,2,34
global.js,4,js,ae4523b7,Sean Harmon,2025-10-13,19:37:18,-07:00,2025-10-13T19:37:18-07:00,2,36
global.js,5,js,ae4523b7,Sean Harmon,2025-10-13,19:37:18,-07:00,2025-10-13T19:37:18-07:00,2,28
global.js,6,js,ae4523b7,Sean Harmon,2025-10-13,19:37:18,-07:00,2025-10-13T19:37:18-07:00,2,40
global.js,7,js,00000000,Not Committed Yet,2025-11-04,11:49:47,-08:00,2025-11-04T11:49:47-08:00,2,28
global.js,8,js,ae4523b7,Sean Harmon,2025-10-13,19:37:18,-07:00,2025-10-13T19:37:18-07:00,2,51
global.js,9,js,ae4523b7,Sean Harmon,2025-10-13,19:37:18,-07:00,2025-10-13T19:37:18-07:00,0,0
global.js,10,js,ae4523b7,Sean Harmon,2025-10-13,19:37:18,-07:00,2025-10-13T19:37:18-07:00,0,0
global.js,11,js,ae4523b7,Sean Harmon,2025-10-13,19:37:18,-07:00,2025-10-13T19:37:18-07:00,0,38
global.js,12,js,ae4523b7,Sean Harmon,2025-10-13,19:37:18,-07:00,2025-10-13T19:37:18-07:00,0,25
global.js,13,js,ae4523b7,Sean Harmon,2025-10-13,19:37:18,-07:00,2025-10-13T19:37:18-07:00,0,0
global.js,14,js,ae4523b7,Sean Harmon,2025-10-13,19:37:18,-07:00,2025-10-13T19:37:18-07:00,0,20
global.js,15,js,ae4523b7,Sean Harmon,2025-10-13,19:37:18,-07:00,2025-10-13T19:37:18-07:00,2,14
global.js,16,js,ae4523b7,Sean Harmon,2025-10-13,19:37:18,-07:00,2025-10-13T19:37:18-07:00,2,18
global.js,17,js,ae4523b7,Sean Harmon,2025-10-13,19:37:18,-07:00,2025-10-13T19:37:18-07:00,2,111
global.js,18,js,ae4523b7,Sean Harmon,2025-10-13,19:37:18,-07:00,2025-10-13T19:37:18-07:00,2,52
global.js,19,js,ae4523b7,Sean Harmon,2025-10-13,19:37:18,-07:00,2025-10-13T19:37:18-07:00,2,34
global.js,20,js,ae4523b7,Sean Harmon,2025-10-13,19:37:18,-07:00,2025-10-13T19:37:18-07:00,2,11
global.js,21,js,ae4523b7,Sean Harmon,2025-10-13,19:37:18,-07:00,2025-10-13T19:37:18-07:00,2,20
global.js,22,js,ae4523b7,Sean Harmon,2025-10-13,19:37:18,-07:00,2025-10-13T19:37:18-07:00,2,12
global.js,23,js,ae4523b7,Sean Harmon,2025-10-13,19:37:18,-07:00,2025-10-13T19:37:18-07:00,0,0
global.js,24,js,ae4523b7,Sean Harmon,2025-10-13,19:37:18,-07:00,2025-10-13T19:37:18-07:00,2,17
global.js,25,js,ae4523b7,Sean Harmon,2025-10-13,19:37:18,-07:00,2025-10-13T19:37:18-07:00,4,8
global.js,26,js,ae4523b7,Sean Harmon,2025-10-13,19:37:18,-07:00,2025-10-13T19:37:18-07:00,4,59
global.js,27,js,ae4523b7,Sean Harmon,2025-10-13,19:37:18,-07:00,2025-10-13T19:37:18-07:00,2,0
global.js,28,js,ae4523b7,Sean Harmon,2025-10-13,19:37:18,-07:00,2025-10-13T19:37:18-07:00,0,0
global.js,29,js,ae4523b7,Sean Harmon,2025-10-13,19:37:18,-07:00,2025-10-13T19:37:18-07:00,2,18
global.js,30,js,ae4523b7,Sean Harmon,2025-10-13,19:37:18,-07:00,2025-10-13T19:37:18-07:00,2,16
global.js,31,js,ae4523b7,Sean Harmon,2025-10-13,19:37:18,-07:00,2025-10-13T19:37:18-07:00,4,7
global.js,32,js,ae4523b7,Sean Harmon,2025-10-13,19:37:18,-07:00,2025-10-13T19:37:18-07:00,4,23
global.js,33,js,ae4523b7,Sean Harmon,2025-10-13,19:37:18,-07:00,2025-10-13T19:37:18-07:00,2,0
global.js,34,js,e8f8b8b9,Sean Harmon,2025-10-13,21:32:55,-07:00,2025-10-13T21:32:55-07:00,0,0
global.js,35,js,e8f8b8b9,Sean Harmon,2025-10-13,21:32:55,-07:00,2025-10-13T21:32:55-07:00,0,0
global.js,36,js,e81087f1,Sean Harmon,2025-10-20,10:35:30,-07:00,2025-10-20T10:35:30-07:00,0,103
global.js,37,js,e8f8b8b9,Sean Harmon,2025-10-13,21:32:55,-07:00,2025-10-13T21:32:55-07:00,0,31
global.js,38,js,e8f8b8b9,Sean Harmon,2025-10-13,21:32:55,-07:00,2025-10-13T21:32:55-07:00,2,11
global.js,39,js,e8f8b8b9,Sean Harmon,2025-10-13,21:32:55,-07:00,2025-10-13T21:32:55-07:00,2,0
global.js,40,js,e8f8b8b9,Sean Harmon,2025-10-13,21:32:55,-07:00,2025-10-13T21:32:55-07:00,2,26
global.js,41,js,e8f8b8b9,Sean Harmon,2025-10-13,21:32:55,-07:00,2025-10-13T21:32:55-07:00,4,4
global.js,42,js,e8f8b8b9,Sean Harmon,2025-10-13,21:32:55,-07:00,2025-10-13T21:32:55-07:00,4,6
global.js,43,js,e8f8b8b9,Sean Harmon,2025-10-13,21:32:55,-07:00,2025-10-13T21:32:55-07:00,6,69
global.js,44,js,e8f8b8b9,Sean Harmon,2025-10-13,21:32:55,-07:00,2025-10-13T21:32:55-07:00,6,34
global.js,45,js,e8f8b8b9,Sean Harmon,2025-10-13,21:32:55,-07:00,2025-10-13T21:32:55-07:00,6,32
global.js,46,js,e8f8b8b9,Sean Harmon,2025-10-13,21:32:55,-07:00,2025-10-13T21:32:55-07:00,4,7
global.js,47,js,e8f8b8b9,Sean Harmon,2025-10-13,21:32:55,-07:00,2025-10-13T21:32:55-07:00,2,6
global.js,48,js,e8f8b8b9,Sean Harmon,2025-10-13,21:32:55,-07:00,2025-10-13T21:32:55-07:00,2,0
global.js,49,js,e8f8b8b9,Sean Harmon,2025-10-13,21:32:55,-07:00,2025-10-13T21:32:55-07:00,0,0
global.js,50,js,e8f8b8b9,Sean Harmon,2025-10-13,21:32:55,-07:00,2025-10-13T21:32:55-07:00,0,0
global.js,51,js,e8f8b8b9,Sean Harmon,2025-10-13,21:32:55,-07:00,2025-10-13T21:32:55-07:00,0,38
global.js,52,js,e8f8b8b9,Sean Harmon,2025-10-13,21:32:55,-07:00,2025-10-13T21:32:55-07:00,2,69
global.js,53,js,e8f8b8b9,Sean Harmon,2025-10-13,21:32:55,-07:00,2025-10-13T21:32:55-07:00,0,0
global.js,54,js,e8f8b8b9,Sean Harmon,2025-10-13,21:32:55,-07:00,2025-10-13T21:32:55-07:00,0,0
global.js,55,js,e81087f1,Sean Harmon,2025-10-20,10:35:30,-07:00,2025-10-20T10:35:30-07:00,0,44
global.js,56,js,e8f8b8b9,Sean Harmon,2025-10-13,21:32:55,-07:00,2025-10-13T21:32:55-07:00,0,41
global.js,57,js,e81087f1,Sean Harmon,2025-10-20,10:35:30,-07:00,2025-10-20T10:35:30-07:00,2,33
global.js,58,js,e8f8b8b9,Sean Harmon,2025-10-13,21:32:55,-07:00,2025-10-13T21:32:55-07:00,2,25
global.js,59,js,e8f8b8b9,Sean Harmon,2025-10-13,21:32:55,-07:00,2025-10-13T21:32:55-07:00,2,36
global.js,60,js,e8f8b8b9,Sean Harmon,2025-10-13,21:32:55,-07:00,2025-10-13T21:32:55-07:00,2,62
global.js,61,js,e8f8b8b9,Sean Harmon,2025-10-13,21:32:55,-07:00,2025-10-13T21:32:55-07:00,0,1
global.js,62,js,ae4523b7,Sean Harmon,2025-10-13,19:37:18,-07:00,2025-10-13T19:37:18-07:00,0,0
global.js,63,js,e8f8b8b9,Sean Harmon,2025-10-13,21:32:55,-07:00,2025-10-13T21:32:55-07:00,0,34
global.js,64,js,e81087f1,Sean Harmon,2025-10-20,10:35:30,-07:00,2025-10-20T10:35:30-07:00,2,40
global.js,65,js,e8f8b8b9,Sean Harmon,2025-10-13,21:32:55,-07:00,2025-10-13T21:32:55-07:00,2,25
global.js,66,js,e8f8b8b9,Sean Harmon,2025-10-13,21:32:55,-07:00,2025-10-13T21:32:55-07:00,2,24
global.js,67,js,ae4523b7,Sean Harmon,2025-10-13,19:37:18,-07:00,2025-10-13T19:37:18-07:00,0,0
global.js,68,js,ae4523b7,Sean Harmon,2025-10-13,19:37:18,-07:00,2025-10-13T19:37:18-07:00,0,0
global.js,69,js,e81087f1,Sean Harmon,2025-10-20,10:35:30,-07:00,2025-10-20T10:35:30-07:00,0,40
global.js,70,js,e8f8b8b9,Sean Harmon,2025-10-13,21:32:55,-07:00,2025-10-13T21:32:55-07:00,0,41
global.js,71,js,e8f8b8b9,Sean Harmon,2025-10-13,21:32:55,-07:00,2025-10-13T21:32:55-07:00,2,21
global.js,72,js,e8f8b8b9,Sean Harmon,2025-10-13,21:32:55,-07:00,2025-10-13T21:32:55-07:00,2,24
global.js,73,js,e8f8b8b9,Sean Harmon,2025-10-13,21:32:55,-07:00,2025-10-13T21:32:55-07:00,2,28
global.js,74,js,e8f8b8b9,Sean Harmon,2025-10-13,21:32:55,-07:00,2025-10-13T21:32:55-07:00,2,31
global.js,75,js,e8f8b8b9,Sean Harmon,2025-10-13,21:32:55,-07:00,2025-10-13T21:32:55-07:00,4,32
global.js,76,js,e8f8b8b9,Sean Harmon,2025-10-13,21:32:55,-07:00,2025-10-13T21:32:55-07:00,4,31
global.js,77,js,e8f8b8b9,Sean Harmon,2025-10-13,21:32:55,-07:00,2025-10-13T21:32:55-07:00,4,21
global.js,78,js,e8f8b8b9,Sean Harmon,2025-10-13,21:32:55,-07:00,2025-10-13T21:32:55-07:00,2,0
global.js,79,js,e8f8b8b9,Sean Harmon,2025-10-13,21:32:55,-07:00,2025-10-13T21:32:55-07:00,2,24
global.js,80,js,e8f8b8b9,Sean Harmon,2025-10-13,21:32:55,-07:00,2025-10-13T21:32:55-07:00,0,1
global.js,81,js,e8f8b8b9,Sean Harmon,2025-10-13,21:32:55,-07:00,2025-10-13T21:32:55-07:00,0,0
global.js,82,js,e81087f1,Sean Harmon,2025-10-20,10:35:30,-07:00,2025-10-20T10:35:30-07:00,0,36
global.js,83,js,e81087f1,Sean Harmon,2025-10-20,10:35:30,-07:00,2025-10-20T10:35:30-07:00,1,3
global.js,84,js,e81087f1,Sean Harmon,2025-10-20,10:35:30,-07:00,2025-10-20T10:35:30-07:00,2,39
global.js,85,js,e81087f1,Sean Harmon,2025-10-20,10:35:30,-07:00,2025-10-20T10:35:30-07:00,2,32
global.js,86,js,ae4523b7,Sean Harmon,2025-10-13,19:37:18,-07:00,2025-10-13T19:37:18-07:00,0,0
global.js,87,js,e81087f1,Sean Harmon,2025-10-20,10:35:30,-07:00,2025-10-20T10:35:30-07:00,2,17
global.js,88,js,e81087f1,Sean Harmon,2025-10-20,10:35:30,-07:00,2025-10-20T10:35:30-07:00,4,66
global.js,89,js,e81087f1,Sean Harmon,2025-10-20,10:35:30,-07:00,2025-10-20T10:35:30-07:00,2,0
global.js,90,js,e81087f1,Sean Harmon,2025-10-20,10:35:30,-07:00,2025-10-20T10:35:30-07:00,2,19
global.js,91,js,e81087f1,Sean Harmon,2025-10-20,10:35:30,-07:00,2025-10-20T10:35:30-07:00,0,0
global.js,92,js,e81087f1,Sean Harmon,2025-10-20,10:35:30,-07:00,2025-10-20T10:35:30-07:00,2,33
global.js,93,js,e81087f1,Sean Harmon,2025-10-20,10:35:30,-07:00,2025-10-20T10:35:30-07:00,2,10
global.js,94,js,e81087f1,Sean Harmon,2025-10-20,10:35:30,-07:00,2025-10-20T10:35:30-07:00,0,0
global.js,95,js,e81087f1,Sean Harmon,2025-10-20,10:35:30,-07:00,2025-10-20T10:35:30-07:00,1,15
global.js,96,js,e81087f1,Sean Harmon,2025-10-20,10:35:30,-07:00,2025-10-20T10:35:30-07:00,2,59
global.js,97,js,e81087f1,Sean Harmon,2025-10-20,10:35:30,-07:00,2025-10-20T10:35:30-07:00,1,0
global.js,98,js,e81087f1,Sean Harmon,2025-10-20,10:35:30,-07:00,2025-10-20T10:35:30-07:00,0,0
global.js,99,js,e81087f1,Sean Harmon,2025-10-20,10:35:30,-07:00,2025-10-20T10:35:30-07:00,0,0
global.js,100,js,e81087f1,Sean Harmon,2025-10-20,10:35:30,-07:00,2025-10-20T10:35:30-07:00,0,77
global.js,101,js,436e838b,Sean Harmon,2025-10-26,18:26:46,-07:00,2025-10-26T18:26:46-07:00,2,70
global.js,102,js,e81087f1,Sean Harmon,2025-10-20,10:35:30,-07:00,2025-10-20T10:35:30-07:00,2,30
global.js,103,js,d2682a7a,Sean Harmon,2025-10-20,19:16:04,-07:00,2025-10-20T19:16:04-07:00,2,111
global.js,104,js,e81087f1,Sean Harmon,2025-10-20,10:35:30,-07:00,2025-10-20T10:35:30-07:00,2,29
global.js,105,js,e81087f1,Sean Harmon,2025-10-20,10:35:30,-07:00,2025-10-20T10:35:30-07:00,4,48
global.js,106,js,4515f44c,Sean Harmon,2025-10-20,18:55:56,-07:00,2025-10-20T18:55:56-07:00,4,70
global.js,107,js,4515f44c,Sean Harmon,2025-10-20,18:55:56,-07:00,2025-10-20T18:55:56-07:00,4,59
global.js,108,js,d2682a7a,Sean Harmon,2025-10-20,19:16:04,-07:00,2025-10-20T19:16:04-07:00,4,41
global.js,109,js,c46dca21,Sean Harmon,2025-10-20,19:18:42,-07:00,2025-10-20T19:18:42-07:00,4,104
global.js,110,js,436e838b,Sean Harmon,2025-10-26,18:26:46,-07:00,2025-10-26T18:26:46-07:00,4,44
global.js,111,js,436e838b,Sean Harmon,2025-10-26,18:26:46,-07:00,2025-10-26T18:26:46-07:00,6,58
global.js,112,js,436e838b,Sean Harmon,2025-10-26,18:26:46,-07:00,2025-10-26T18:26:46-07:00,4,0
global.js,113,js,e81087f1,Sean Harmon,2025-10-20,10:35:30,-07:00,2025-10-20T10:35:30-07:00,4,19
global.js,114,js,4515f44c,Sean Harmon,2025-10-20,18:55:56,-07:00,2025-10-20T18:55:56-07:00,6,144
global.js,115,js,d2682a7a,Sean Harmon,2025-10-20,19:16:04,-07:00,2025-10-20T19:16:04-07:00,6,46
global.js,116,js,e81087f1,Sean Harmon,2025-10-20,10:35:30,-07:00,2025-10-20T10:35:30-07:00,6,27
global.js,117,js,e81087f1,Sean Harmon,2025-10-20,10:35:30,-07:00,2025-10-20T10:35:30-07:00,4,0
global.js,118,js,e81087f1,Sean Harmon,2025-10-20,10:35:30,-07:00,2025-10-20T10:35:30-07:00,4,36
global.js,119,js,e81087f1,Sean Harmon,2025-10-20,10:35:30,-07:00,2025-10-20T10:35:30-07:00,2,0
global.js,120,js,f282076d,Sean Harmon,2025-10-20,13:55:59,-07:00,2025-10-20T13:55:59-07:00,2,21
global.js,121,js,e81087f1,Sean Harmon,2025-10-20,10:35:30,-07:00,2025-10-20T10:35:30-07:00,0,0
global.js,122,js,ae4523b7,Sean Harmon,2025-10-13,19:37:18,-07:00,2025-10-13T19:37:18-07:00,0,0
global.js,123,js,f282076d,Sean Harmon,2025-10-20,13:55:59,-07:00,2025-10-20T13:55:59-07:00,0,47
global.js,124,js,f282076d,Sean Harmon,2025-10-20,13:55:59,-07:00,2025-10-20T13:55:59-07:00,2,53
global.js,125,js,f282076d,Sean Harmon,2025-10-20,13:55:59,-07:00,2025-10-20T13:55:59-07:00,2,20
global.js,126,js,f282076d,Sean Harmon,2025-10-20,13:55:59,-07:00,2025-10-20T13:55:59-07:00,0,0
projects\projects_style.css,1,css,4a31a966,Sean Harmon,2025-10-06,14:26:52,-07:00,2025-10-06T14:26:52-07:00,0,21
projects\projects_style.css,2,css,4a31a966,Sean Harmon,2025-10-06,14:26:52,-07:00,2025-10-06T14:26:52-07:00,0,0
projects\projects_style.css,3,css,4a31a966,Sean Harmon,2025-10-06,14:26:52,-07:00,2025-10-06T14:26:52-07:00,0,9
projects\projects_style.css,4,css,4a31a966,Sean Harmon,2025-10-06,14:26:52,-07:00,2025-10-06T14:26:52-07:00,1,12
projects\projects_style.css,5,css,4a31a966,Sean Harmon,2025-10-06,14:26:52,-07:00,2025-10-06T14:26:52-07:00,1,58
projects\projects_style.css,6,css,4a31a966,Sean Harmon,2025-10-06,14:26:52,-07:00,2025-10-06T14:26:52-07:00,0,0
projects\projects_style.css,7,css,4a31a966,Sean Harmon,2025-10-06,14:26:52,-07:00,2025-10-06T14:26:52-07:00,0,0
projects\projects_style.css,8,css,4a31a966,Sean Harmon,2025-10-06,14:26:52,-07:00,2025-10-06T14:26:52-07:00,0,7
projects\projects_style.css,9,css,4a31a966,Sean Harmon,2025-10-06,14:26:52,-07:00,2025-10-06T14:26:52-07:00,1,12
projects\projects_style.css,10,css,4a31a966,Sean Harmon,2025-10-06,14:26:52,-07:00,2025-10-06T14:26:52-07:00,1,26
projects\projects_style.css,11,css,4a31a966,Sean Harmon,2025-10-06,14:26:52,-07:00,2025-10-06T14:26:52-07:00,1,15
projects\projects_style.css,12,css,4a31a966,Sean Harmon,2025-10-06,14:26:52,-07:00,2025-10-06T14:26:52-07:00,1,7
projects\projects_style.css,13,css,4a31a966,Sean Harmon,2025-10-06,14:26:52,-07:00,2025-10-06T14:26:52-07:00,0,0
projects\projects_style.css,14,css,4a31a966,Sean Harmon,2025-10-06,14:26:52,-07:00,2025-10-06T14:26:52-07:00,0,0
projects\projects_style.css,15,css,436e838b,Sean Harmon,2025-10-26,18:26:46,-07:00,2025-10-26T18:26:46-07:00,0,4
projects\projects_style.css,16,css,436e838b,Sean Harmon,2025-10-26,18:26:46,-07:00,2025-10-26T18:26:46-07:00,1,13
projects\projects_style.css,17,css,436e838b,Sean Harmon,2025-10-26,18:26:46,-07:00,2025-10-26T18:26:46-07:00,1,17
projects\projects_style.css,18,css,436e838b,Sean Harmon,2025-10-26,18:26:46,-07:00,2025-10-26T18:26:46-07:00,0,0
projects\projects_style.css,19,css,436e838b,Sean Harmon,2025-10-26,18:26:46,-07:00,2025-10-26T18:26:46-07:00,0,0
projects\projects_style.css,20,css,436e838b,Sean Harmon,2025-10-26,18:26:46,-07:00,2025-10-26T18:26:46-07:00,0,18
projects\projects_style.css,21,css,436e838b,Sean Harmon,2025-10-26,18:26:46,-07:00,2025-10-26T18:26:46-07:00,1,14
projects\projects_style.css,22,css,436e838b,Sean Harmon,2025-10-26,18:26:46,-07:00,2025-10-26T18:26:46-07:00,1,16
projects\projects_style.css,23,css,436e838b,Sean Harmon,2025-10-26,18:26:46,-07:00,2025-10-26T18:26:46-07:00,1,16
projects\projects_style.css,24,css,436e838b,Sean Harmon,2025-10-26,18:26:46,-07:00,2025-10-26T18:26:46-07:00,0,0
projects\projects_style.css,25,css,436e838b,Sean Harmon,2025-10-26,18:26:46,-07:00,2025-10-26T18:26:46-07:00,0,0
projects\projects_style.css,26,css,436e838b,Sean Harmon,2025-10-26,18:26:46,-07:00,2025-10-26T18:26:46-07:00,0,7
projects\projects_style.css,27,css,436e838b,Sean Harmon,2025-10-26,18:26:46,-07:00,2025-10-26T18:26:46-07:00,1,20
projects\projects_style.css,28,css,436e838b,Sean Harmon,2025-10-26,18:26:46,-07:00,2025-10-26T18:26:46-07:00,1,11
projects\projects_style.css,29,css,436e838b,Sean Harmon,2025-10-26,18:26:46,-07:00,2025-10-26T18:26:46-07:00,1,16
projects\projects_style.css,30,css,436e838b,Sean Harmon,2025-10-26,18:26:46,-07:00,2025-10-26T18:26:46-07:00,1,29
projects\projects_style.css,31,css,436e838b,Sean Harmon,2025-10-26,18:26:46,-07:00,2025-10-26T18:26:46-07:00,1,21
projects\projects_style.css,32,css,436e838b,Sean Harmon,2025-10-26,18:26:46,-07:00,2025-10-26T18:26:46-07:00,1,17
projects\projects_style.css,33,css,436e838b,Sean Harmon,2025-10-26,18:26:46,-07:00,2025-10-26T18:26:46-07:00,0,0
projects\projects_style.css,34,css,436e838b,Sean Harmon,2025-10-26,18:26:46,-07:00,2025-10-26T18:26:46-07:00,0,0
projects\projects_style.css,35,css,436e838b,Sean Harmon,2025-10-26,18:26:46,-07:00,2025-10-26T18:26:46-07:00,0,7
projects\projects_style.css,36,css,436e838b,Sean Harmon,2025-10-26,18:26:46,-07:00,2025-10-26T18:26:46-07:00,1,6
projects\projects_style.css,37,css,436e838b,Sean Harmon,2025-10-26,18:26:46,-07:00,2025-10-26T18:26:46-07:00,1,16
projects\projects_style.css,38,css,436e838b,Sean Harmon,2025-10-26,18:26:46,-07:00,2025-10-26T18:26:46-07:00,1,37
projects\projects_style.css,39,css,436e838b,Sean Harmon,2025-10-26,18:26:46,-07:00,2025-10-26T18:26:46-07:00,1,18
projects\projects_style.css,40,css,436e838b,Sean Harmon,2025-10-26,18:26:46,-07:00,2025-10-26T18:26:46-07:00,1,12
projects\projects_style.css,41,css,436e838b,Sean Harmon,2025-10-26,18:26:46,-07:00,2025-10-26T18:26:46-07:00,1,10
projects\projects_style.css,42,css,436e838b,Sean Harmon,2025-10-26,18:26:46,-07:00,2025-10-26T18:26:46-07:00,0,0
projects\projects_style.css,43,css,436e838b,Sean Harmon,2025-10-26,18:26:46,-07:00,2025-10-26T18:26:46-07:00,0,0
projects\projects_style.css,44,css,436e838b,Sean Harmon,2025-10-26,18:26:46,-07:00,2025-10-26T18:26:46-07:00,0,2
projects\projects_style.css,45,css,436e838b,Sean Harmon,2025-10-26,18:26:46,-07:00,2025-10-26T18:26:46-07:00,1,12
projects\projects_style.css,46,css,436e838b,Sean Harmon,2025-10-26,18:26:46,-07:00,2025-10-26T18:26:46-07:00,1,57
projects\projects_style.css,47,css,436e838b,Sean Harmon,2025-10-26,18:26:46,-07:00,2025-10-26T18:26:46-07:00,1,14
projects\projects_style.css,48,css,436e838b,Sean Harmon,2025-10-26,18:26:46,-07:00,2025-10-26T18:26:46-07:00,0,0
projects\projects_style.css,49,css,436e838b,Sean Harmon,2025-10-26,18:26:46,-07:00,2025-10-26T18:26:46-07:00,0,0
projects\projects_style.css,50,css,436e838b,Sean Harmon,2025-10-26,18:26:46,-07:00,2025-10-26T18:26:46-07:00,0,2
projects\projects_style.css,51,css,436e838b,Sean Harmon,2025-10-26,18:26:46,-07:00,2025-10-26T18:26:46-07:00,1,16
projects\projects_style.css,52,css,436e838b,Sean Harmon,2025-10-26,18:26:46,-07:00,2025-10-26T18:26:46-07:00,1,20
projects\projects_style.css,53,css,436e838b,Sean Harmon,2025-10-26,18:26:46,-07:00,2025-10-26T18:26:46-07:00,0,0
projects\projects_style.css,54,css,436e838b,Sean Harmon,2025-10-26,18:26:46,-07:00,2025-10-26T18:26:46-07:00,0,0
projects\projects_style.css,55,css,436e838b,Sean Harmon,2025-10-26,18:26:46,-07:00,2025-10-26T18:26:46-07:00,0,16
projects\projects_style.css,56,css,436e838b,Sean Harmon,2025-10-26,18:26:46,-07:00,2025-10-26T18:26:46-07:00,1,12
projects\projects_style.css,57,css,436e838b,Sean Harmon,2025-10-26,18:26:46,-07:00,2025-10-26T18:26:46-07:00,1,6
projects\projects_style.css,58,css,436e838b,Sean Harmon,2025-10-26,18:26:46,-07:00,2025-10-26T18:26:46-07:00,1,15
projects\projects_style.css,59,css,436e838b,Sean Harmon,2025-10-26,18:26:46,-07:00,2025-10-26T18:26:46-07:00,1,18
projects\projects_style.css,60,css,436e838b,Sean Harmon,2025-10-26,18:26:46,-07:00,2025-10-26T18:26:46-07:00,0,0
projects\projects.js,1,js,e81087f1,Sean Harmon,2025-10-20,10:35:30,-07:00,2025-10-20T10:35:30-07:00,0,55
projects\projects.js,2,js,436e838b,Sean Harmon,2025-10-26,18:26:46,-07:00,2025-10-26T18:26:46-07:00,0,63
projects\projects.js,3,js,e81087f1,Sean Harmon,2025-10-20,10:35:30,-07:00,2025-10-20T10:35:30-07:00,0,0
projects\projects.js,4,js,f282076d,Sean Harmon,2025-10-20,13:55:59,-07:00,2025-10-20T13:55:59-07:00,0,39
projects\projects.js,5,js,f282076d,Sean Harmon,2025-10-20,13:55:59,-07:00,2025-10-20T13:55:59-07:00,0,27
projects\projects.js,6,js,f282076d,Sean Harmon,2025-10-20,13:55:59,-07:00,2025-10-20T13:55:59-07:00,0,48
projects\projects.js,7,js,f282076d,Sean Harmon,2025-10-20,13:55:59,-07:00,2025-10-20T13:55:59-07:00,0,38
projects\projects.js,8,js,f282076d,Sean Harmon,2025-10-20,13:55:59,-07:00,2025-10-20T13:55:59-07:00,0,27
projects\projects.js,9,js,f282076d,Sean Harmon,2025-10-20,13:55:59,-07:00,2025-10-20T13:55:59-07:00,0,34
projects\projects.js,10,js,f282076d,Sean Harmon,2025-10-20,13:55:59,-07:00,2025-10-20T13:55:59-07:00,0,0
projects\projects.js,11,js,436e838b,Sean Harmon,2025-10-26,18:26:46,-07:00,2025-10-26T18:26:46-07:00,0,50
projects\projects.js,12,js,e81087f1,Sean Harmon,2025-10-20,10:35:30,-07:00,2025-10-20T10:35:30-07:00,0,60
projects\projects.js,13,js,e81087f1,Sean Harmon,2025-10-20,10:35:30,-07:00,2025-10-20T10:35:30-07:00,0,0
projects\projects.js,14,js,436e838b,Sean Harmon,2025-10-26,18:26:46,-07:00,2025-10-26T18:26:46-07:00,0,72
projects\projects.js,15,js,436e838b,Sean Harmon,2025-10-26,18:26:46,-07:00,2025-10-26T18:26:46-07:00,0,52
projects\projects.js,16,js,e81087f1,Sean Harmon,2025-10-20,10:35:30,-07:00,2025-10-20T10:35:30-07:00,0,0
projects\projects.js,17,js,436e838b,Sean Harmon,2025-10-26,18:26:46,-07:00,2025-10-26T18:26:46-07:00,0,7
projects\projects.js,18,js,436e838b,Sean Harmon,2025-10-26,18:26:46,-07:00,2025-10-26T18:26:46-07:00,0,42
projects\projects.js,19,js,436e838b,Sean Harmon,2025-10-26,18:26:46,-07:00,2025-10-26T18:26:46-07:00,2,86
projects\projects.js,20,js,e81087f1,Sean Harmon,2025-10-20,10:35:30,-07:00,2025-10-20T10:35:30-07:00,0,0
projects\projects.js,21,js,436e838b,Sean Harmon,2025-10-26,18:26:46,-07:00,2025-10-26T18:26:46-07:00,2,57
projects\projects.js,22,js,436e838b,Sean Harmon,2025-10-26,18:26:46,-07:00,2025-10-26T18:26:46-07:00,2,26
projects\projects.js,23,js,436e838b,Sean Harmon,2025-10-26,18:26:46,-07:00,2025-10-26T18:26:46-07:00,4,15
projects\projects.js,24,js,436e838b,Sean Harmon,2025-10-26,18:26:46,-07:00,2025-10-26T18:26:46-07:00,4,12
projects\projects.js,25,js,436e838b,Sean Harmon,2025-10-26,18:26:46,-07:00,2025-10-26T18:26:46-07:00,4,9
projects\projects.js,26,js,436e838b,Sean Harmon,2025-10-26,18:26:46,-07:00,2025-10-26T18:26:46-07:00,2,0
projects\projects.js,27,js,436e838b,Sean Harmon,2025-10-26,18:26:46,-07:00,2025-10-26T18:26:46-07:00,0,0
projects\projects.js,28,js,436e838b,Sean Harmon,2025-10-26,18:26:46,-07:00,2025-10-26T18:26:46-07:00,2,44
projects\projects.js,29,js,436e838b,Sean Harmon,2025-10-26,18:26:46,-07:00,2025-10-26T18:26:46-07:00,4,33
projects\projects.js,30,js,436e838b,Sean Harmon,2025-10-26,18:26:46,-07:00,2025-10-26T18:26:46-07:00,2,1
projects\projects.js,31,js,436e838b,Sean Harmon,2025-10-26,18:26:46,-07:00,2025-10-26T18:26:46-07:00,0,0
projects\projects.js,32,js,436e838b,Sean Harmon,2025-10-26,18:26:46,-07:00,2025-10-26T18:26:46-07:00,2,50
projects\projects.js,33,js,436e838b,Sean Harmon,2025-10-26,18:26:46,-07:00,2025-10-26T18:26:46-07:00,2,33
projects\projects.js,34,js,436e838b,Sean Harmon,2025-10-26,18:26:46,-07:00,2025-10-26T18:26:46-07:00,2,45
projects\projects.js,35,js,436e838b,Sean Harmon,2025-10-26,18:26:46,-07:00,2025-10-26T18:26:46-07:00,2,47
projects\projects.js,36,js,436e838b,Sean Harmon,2025-10-26,18:26:46,-07:00,2025-10-26T18:26:46-07:00,0,0
projects\projects.js,37,js,436e838b,Sean Harmon,2025-10-26,18:26:46,-07:00,2025-10-26T18:26:46-07:00,2,25
projects\projects.js,38,js,436e838b,Sean Harmon,2025-10-26,18:26:46,-07:00,2025-10-26T18:26:46-07:00,4,14
projects\projects.js,39,js,436e838b,Sean Harmon,2025-10-26,18:26:46,-07:00,2025-10-26T18:26:46-07:00,6,13
projects\projects.js,40,js,436e838b,Sean Harmon,2025-10-26,18:26:46,-07:00,2025-10-26T18:26:46-07:00,6,13
projects\projects.js,41,js,436e838b,Sean Harmon,2025-10-26,18:26:46,-07:00,2025-10-26T18:26:46-07:00,6,24
projects\projects.js,42,js,436e838b,Sean Harmon,2025-10-26,18:26:46,-07:00,2025-10-26T18:26:46-07:00,2,1
projects\projects.js,43,js,436e838b,Sean Harmon,2025-10-26,18:26:46,-07:00,2025-10-26T18:26:46-07:00,0,0
projects\projects.js,44,js,436e838b,Sean Harmon,2025-10-26,18:26:46,-07:00,2025-10-26T18:26:46-07:00,2,32
projects\projects.js,45,js,436e838b,Sean Harmon,2025-10-26,18:26:46,-07:00,2025-10-26T18:26:46-07:00,2,23
projects\projects.js,46,js,436e838b,Sean Harmon,2025-10-26,18:26:46,-07:00,2025-10-26T18:26:46-07:00,4,21
projects\projects.js,47,js,436e838b,Sean Harmon,2025-10-26,18:26:46,-07:00,2025-10-26T18:26:46-07:00,4,25
projects\projects.js,48,js,436e838b,Sean Harmon,2025-10-26,18:26:46,-07:00,2025-10-26T18:26:46-07:00,0,0
projects\projects.js,49,js,436e838b,Sean Harmon,2025-10-26,18:26:46,-07:00,2025-10-26T18:26:46-07:00,4,17
projects\projects.js,50,js,436e838b,Sean Harmon,2025-10-26,18:26:46,-07:00,2025-10-26T18:26:46-07:00,6,36
projects\projects.js,51,js,436e838b,Sean Harmon,2025-10-26,18:26:46,-07:00,2025-10-26T18:26:46-07:00,6,27
projects\projects.js,52,js,436e838b,Sean Harmon,2025-10-26,18:26:46,-07:00,2025-10-26T18:26:46-07:00,6,70
projects\projects.js,53,js,436e838b,Sean Harmon,2025-10-26,18:26:46,-07:00,2025-10-26T18:26:46-07:00,2,1
projects\projects.js,54,js,436e838b,Sean Harmon,2025-10-26,18:26:46,-07:00,2025-10-26T18:26:46-07:00,0,0
projects\projects.js,55,js,436e838b,Sean Harmon,2025-10-26,18:26:46,-07:00,2025-10-26T18:26:46-07:00,0,0
projects\projects.js,56,js,436e838b,Sean Harmon,2025-10-26,18:26:46,-07:00,2025-10-26T18:26:46-07:00,0,21
projects\projects.js,57,js,436e838b,Sean Harmon,2025-10-26,18:26:46,-07:00,2025-10-26T18:26:46-07:00,0,0
projects\projects.js,58,js,436e838b,Sean Harmon,2025-10-26,18:26:46,-07:00,2025-10-26T18:26:46-07:00,0,13
projects\projects.js,59,js,436e838b,Sean Harmon,2025-10-26,18:26:46,-07:00,2025-10-26T18:26:46-07:00,0,53
projects\projects.js,60,js,436e838b,Sean Harmon,2025-10-26,18:26:46,-07:00,2025-10-26T18:26:46-07:00,0,0
projects\projects.js,61,js,436e838b,Sean Harmon,2025-10-26,18:26:46,-07:00,2025-10-26T18:26:46-07:00,0,46
projects\projects.js,62,js,436e838b,Sean Harmon,2025-10-26,18:26:46,-07:00,2025-10-26T18:26:46-07:00,2,39
projects\projects.js,63,js,436e838b,Sean Harmon,2025-10-26,18:26:46,-07:00,2025-10-26T18:26:46-07:00,2,47
projects\projects.js,64,js,436e838b,Sean Harmon,2025-10-26,18:26:46,-07:00,2025-10-26T18:26:46-07:00,4,68
projects\projects.js,65,js,436e838b,Sean Harmon,2025-10-26,18:26:46,-07:00,2025-10-26T18:26:46-07:00,4,37
projects\projects.js,66,js,436e838b,Sean Harmon,2025-10-26,18:26:46,-07:00,2025-10-26T18:26:46-07:00,2,1
projects\projects.js,67,js,436e838b,Sean Harmon,2025-10-26,18:26:46,-07:00,2025-10-26T18:26:46-07:00,2,54
projects\projects.js,68,js,436e838b,Sean Harmon,2025-10-26,18:26:46,-07:00,2025-10-26T18:26:46-07:00,0,0
projects\projects.js,69,js,436e838b,Sean Harmon,2025-10-26,18:26:46,-07:00,2025-10-26T18:26:46-07:00,2,34
projects\projects.js,70,js,436e838b,Sean Harmon,2025-10-26,18:26:46,-07:00,2025-10-26T18:26:46-07:00,2,43
projects\projects.js,71,js,436e838b,Sean Harmon,2025-10-26,18:26:46,-07:00,2025-10-26T18:26:46-07:00,2,47
projects\projects.js,72,js,436e838b,Sean Harmon,2025-10-26,18:26:46,-07:00,2025-10-26T18:26:46-07:00,2,27
projects\projects.js,73,js,436e838b,Sean Harmon,2025-10-26,18:26:46,-07:00,2025-10-26T18:26:46-07:00,0,1
projects\index.html,1,html,17cd5d8a,Sean Harmon,2025-09-27,21:26:12,-07:00,2025-09-27T21:26:12-07:00,0,13
projects\index.html,2,html,17cd5d8a,Sean Harmon,2025-09-27,21:26:12,-07:00,2025-09-27T21:26:12-07:00,0,14
projects\index.html,3,html,17cd5d8a,Sean Harmon,2025-09-27,21:26:12,-07:00,2025-09-27T21:26:12-07:00,0,4
projects\index.html,4,html,17cd5d8a,Sean Harmon,2025-09-27,21:26:12,-07:00,2025-09-27T21:26:12-07:00,1,20
projects\index.html,5,html,17cd5d8a,Sean Harmon,2025-09-27,21:26:12,-07:00,2025-09-27T21:26:12-07:00,1,68
projects\index.html,6,html,17cd5d8a,Sean Harmon,2025-09-27,21:26:12,-07:00,2025-09-27T21:26:12-07:00,1,21
projects\index.html,7,html,4a31a966,Sean Harmon,2025-10-06,14:26:52,-07:00,2025-10-06T14:26:52-07:00,1,47
projects\index.html,8,html,17cd5d8a,Sean Harmon,2025-09-27,21:26:12,-07:00,2025-09-27T21:26:12-07:00,0,5
projects\index.html,9,html,17cd5d8a,Sean Harmon,2025-09-27,21:26:12,-07:00,2025-09-27T21:26:12-07:00,0,4
projects\index.html,10,html,436e838b,Sean Harmon,2025-10-26,18:26:46,-07:00,2025-10-26T18:26:46-07:00,1,15
projects\index.html,11,html,436e838b,Sean Harmon,2025-10-26,18:26:46,-07:00,2025-10-26T18:26:46-07:00,1,27
projects\index.html,12,html,436e838b,Sean Harmon,2025-10-26,18:26:46,-07:00,2025-10-26T18:26:46-07:00,2,58
projects\index.html,13,html,436e838b,Sean Harmon,2025-10-26,18:26:46,-07:00,2025-10-26T18:26:46-07:00,2,22
projects\index.html,14,html,436e838b,Sean Harmon,2025-10-26,18:26:46,-07:00,2025-10-26T18:26:46-07:00,1,4
projects\index.html,15,html,436e838b,Sean Harmon,2025-10-26,18:26:46,-07:00,2025-10-26T18:26:46-07:00,1,4
projects\index.html,16,html,436e838b,Sean Harmon,2025-10-26,18:26:46,-07:00,2025-10-26T18:26:46-07:00,2,15
projects\index.html,17,html,436e838b,Sean Harmon,2025-10-26,18:26:46,-07:00,2025-10-26T18:26:46-07:00,2,11
projects\index.html,18,html,436e838b,Sean Harmon,2025-10-26,18:26:46,-07:00,2025-10-26T18:26:46-07:00,2,26
projects\index.html,19,html,436e838b,Sean Harmon,2025-10-26,18:26:46,-07:00,2025-10-26T18:26:46-07:00,2,33
projects\index.html,20,html,436e838b,Sean Harmon,2025-10-26,18:26:46,-07:00,2025-10-26T18:26:46-07:00,1,0
projects\index.html,21,html,17cd5d8a,Sean Harmon,2025-09-27,21:26:12,-07:00,2025-09-27T21:26:12-07:00,0,5
projects\index.html,22,html,e81087f1,Sean Harmon,2025-10-20,10:35:30,-07:00,2025-10-20T10:35:30-07:00,0,48
projects\index.html,23,html,e81087f1,Sean Harmon,2025-10-20,10:35:30,-07:00,2025-10-20T10:35:30-07:00,0,47
projects\index.html,24,html,e81087f1,Sean Harmon,2025-10-20,10:35:30,-07:00,2025-10-20T10:35:30-07:00,0,5
cv\index.html,1,html,17cd5d8a,Sean Harmon,2025-09-27,21:26:12,-07:00,2025-09-27T21:26:12-07:00,0,13
cv\index.html,2,html,17cd5d8a,Sean Harmon,2025-09-27,21:26:12,-07:00,2025-09-27T21:26:12-07:00,0,14
cv\index.html,3,html,17cd5d8a,Sean Harmon,2025-09-27,21:26:12,-07:00,2025-09-27T21:26:12-07:00,0,4
cv\index.html,4,html,17cd5d8a,Sean Harmon,2025-09-27,21:26:12,-07:00,2025-09-27T21:26:12-07:00,1,20
cv\index.html,5,html,17cd5d8a,Sean Harmon,2025-09-27,21:26:12,-07:00,2025-09-27T21:26:12-07:00,1,68
cv\index.html,6,html,9b3088e4,Sean Harmon,2025-10-07,09:06:58,-07:00,2025-10-07T09:06:58-07:00,1,22
cv\index.html,7,html,9b3088e4,Sean Harmon,2025-10-07,09:06:58,-07:00,2025-10-07T09:06:58-07:00,1,41
cv\index.html,8,html,17cd5d8a,Sean Harmon,2025-09-27,21:26:12,-07:00,2025-09-27T21:26:12-07:00,0,5
cv\index.html,9,html,17cd5d8a,Sean Harmon,2025-09-27,21:26:12,-07:00,2025-09-27T21:26:12-07:00,0,4
cv\index.html,10,html,9b3088e4,Sean Harmon,2025-10-07,09:06:58,-07:00,2025-10-07T09:06:58-07:00,1,25
cv\index.html,11,html,9b3088e4,Sean Harmon,2025-10-07,09:06:58,-07:00,2025-10-07T09:06:58-07:00,1,22
cv\index.html,12,html,9b3088e4,Sean Harmon,2025-10-07,09:06:58,-07:00,2025-10-07T09:06:58-07:00,2,11
cv\index.html,13,html,899def28,Sean Harmon,2025-09-27,23:13:36,-07:00,2025-09-27T23:13:36-07:00,3,13
cv\index.html,14,html,9b3088e4,Sean Harmon,2025-10-07,09:06:58,-07:00,2025-10-07T09:06:58-07:00,2,11
cv\index.html,15,html,9b3088e4,Sean Harmon,2025-10-07,09:06:58,-07:00,2025-10-07T09:06:58-07:00,2,26
cv\index.html,16,html,899def28,Sean Harmon,2025-09-27,23:13:36,-07:00,2025-09-27T23:13:36-07:00,3,17
cv\index.html,17,html,9b3088e4,Sean Harmon,2025-10-07,09:06:58,-07:00,2025-10-07T09:06:58-07:00,3,19
cv\index.html,18,html,9b3088e4,Sean Harmon,2025-10-07,09:06:58,-07:00,2025-10-07T09:06:58-07:00,4,45
cv\index.html,19,html,9b3088e4,Sean Harmon,2025-10-07,09:06:58,-07:00,2025-10-07T09:06:58-07:00,4,81
cv\index.html,20,html,9b3088e4,Sean Harmon,2025-10-07,09:06:58,-07:00,2025-10-07T09:06:58-07:00,4,76
cv\index.html,21,html,9b3088e4,Sean Harmon,2025-10-07,09:06:58,-07:00,2025-10-07T09:06:58-07:00,4,18
cv\index.html,22,html,899def28,Sean Harmon,2025-09-27,23:13:36,-07:00,2025-09-27T23:13:36-07:00,5,86
cv\index.html,23,html,899def28,Sean Harmon,2025-09-27,23:13:36,-07:00,2025-09-27T23:13:36-07:00,4,2
cv\index.html,24,html,899def28,Sean Harmon,2025-09-27,23:13:36,-07:00,2025-09-27T23:13:36-07:00,4,2
cv\index.html,25,html,899def28,Sean Harmon,2025-09-27,23:13:36,-07:00,2025-09-27T23:13:36-07:00,5,2
cv\index.html,26,html,899def28,Sean Harmon,2025-09-27,23:13:36,-07:00,2025-09-27T23:13:36-07:00,6,123
cv\index.html,27,html,899def28,Sean Harmon,2025-09-27,23:13:36,-07:00,2025-09-27T23:13:36-07:00,5,3
cv\index.html,28,html,899def28,Sean Harmon,2025-09-27,23:13:36,-07:00,2025-09-27T23:13:36-07:00,5,2
cv\index.html,29,html,899def28,Sean Harmon,2025-09-27,23:13:36,-07:00,2025-09-27T23:13:36-07:00,6,43
cv\index.html,30,html,899def28,Sean Harmon,2025-09-27,23:13:36,-07:00,2025-09-27T23:13:36-07:00,5,3
cv\index.html,31,html,899def28,Sean Harmon,2025-09-27,23:13:36,-07:00,2025-09-27T23:13:36-07:00,5,2
cv\index.html,32,html,899def28,Sean Harmon,2025-09-27,23:13:36,-07:00,2025-09-27T23:13:36-07:00,6,56
cv\index.html,33,html,899def28,Sean Harmon,2025-09-27,23:13:36,-07:00,2025-09-27T23:13:36-07:00,5,3
cv\index.html,34,html,899def28,Sean Harmon,2025-09-27,23:13:36,-07:00,2025-09-27T23:13:36-07:00,5,2
cv\index.html,35,html,899def28,Sean Harmon,2025-09-27,23:13:36,-07:00,2025-09-27T23:13:36-07:00,6,78
cv\index.html,36,html,899def28,Sean Harmon,2025-09-27,23:13:36,-07:00,2025-09-27T23:13:36-07:00,5,3
cv\index.html,37,html,899def28,Sean Harmon,2025-09-27,23:13:36,-07:00,2025-09-27T23:13:36-07:00,5,2
cv\index.html,38,html,899def28,Sean Harmon,2025-09-27,23:13:36,-07:00,2025-09-27T23:13:36-07:00,6,75
cv\index.html,39,html,899def28,Sean Harmon,2025-09-27,23:13:36,-07:00,2025-09-27T23:13:36-07:00,5,3
cv\index.html,40,html,899def28,Sean Harmon,2025-09-27,23:13:36,-07:00,2025-09-27T23:13:36-07:00,4,3
cv\index.html,41,html,899def28,Sean Harmon,2025-09-27,23:13:36,-07:00,2025-09-27T23:13:36-07:00,3,8
cv\index.html,42,html,899def28,Sean Harmon,2025-09-27,23:13:36,-07:00,2025-09-27T23:13:36-07:00,2,8
cv\index.html,43,html,9b3088e4,Sean Harmon,2025-10-07,09:06:58,-07:00,2025-10-07T09:06:58-07:00,2,25
cv\index.html,44,html,899def28,Sean Harmon,2025-09-27,23:13:36,-07:00,2025-09-27T23:13:36-07:00,3,16
cv\index.html,45,html,9b3088e4,Sean Harmon,2025-10-07,09:06:58,-07:00,2025-10-07T09:06:58-07:00,3,20
cv\index.html,46,html,9b3088e4,Sean Harmon,2025-10-07,09:06:58,-07:00,2025-10-07T09:06:58-07:00,4,69
cv\index.html,47,html,9b3088e4,Sean Harmon,2025-10-07,09:06:58,-07:00,2025-10-07T09:06:58-07:00,4,58
cv\index.html,48,html,9b3088e4,Sean Harmon,2025-10-07,09:06:58,-07:00,2025-10-07T09:06:58-07:00,4,18
cv\index.html,49,html,899def28,Sean Harmon,2025-09-27,23:13:36,-07:00,2025-09-27T23:13:36-07:00,4,2
cv\index.html,50,html,899def28,Sean Harmon,2025-09-27,23:13:36,-07:00,2025-09-27T23:13:36-07:00,5,10
cv\index.html,51,html,899def28,Sean Harmon,2025-09-27,23:13:36,-07:00,2025-09-27T23:13:36-07:00,5,17
cv\index.html,52,html,899def28,Sean Harmon,2025-09-27,23:13:36,-07:00,2025-09-27T23:13:36-07:00,5,62
cv\index.html,53,html,899def28,Sean Harmon,2025-09-27,23:13:36,-07:00,2025-09-27T23:13:36-07:00,5,62
cv\index.html,54,html,899def28,Sean Harmon,2025-09-27,23:13:36,-07:00,2025-09-27T23:13:36-07:00,4,3
cv\index.html,55,html,899def28,Sean Harmon,2025-09-27,23:13:36,-07:00,2025-09-27T23:13:36-07:00,3,8
cv\index.html,56,html,9b3088e4,Sean Harmon,2025-10-07,09:06:58,-07:00,2025-10-07T09:06:58-07:00,3,20
cv\index.html,57,html,9b3088e4,Sean Harmon,2025-10-07,09:06:58,-07:00,2025-10-07T09:06:58-07:00,4,70
cv\index.html,58,html,9b3088e4,Sean Harmon,2025-10-07,09:06:58,-07:00,2025-10-07T09:06:58-07:00,4,49
cv\index.html,59,html,899def28,Sean Harmon,2025-09-27,23:13:36,-07:00,2025-09-27T23:13:36-07:00,4,1
cv\index.html,60,html,9b3088e4,Sean Harmon,2025-10-07,09:06:58,-07:00,2025-10-07T09:06:58-07:00,5,90
cv\index.html,61,html,899def28,Sean Harmon,2025-09-27,23:13:36,-07:00,2025-09-27T23:13:36-07:00,4,2
cv\index.html,62,html,899def28,Sean Harmon,2025-09-27,23:13:36,-07:00,2025-09-27T23:13:36-07:00,3,8
cv\index.html,63,html,899def28,Sean Harmon,2025-09-27,23:13:36,-07:00,2025-09-27T23:13:36-07:00,2,8
cv\index.html,64,html,9b3088e4,Sean Harmon,2025-10-07,09:06:58,-07:00,2025-10-07T09:06:58-07:00,2,22
cv\index.html,65,html,899def28,Sean Harmon,2025-09-27,23:13:36,-07:00,2025-09-27T23:13:36-07:00,3,13
cv\index.html,66,html,9b3088e4,Sean Harmon,2025-10-07,09:06:58,-07:00,2025-10-07T09:06:58-07:00,3,26
cv\index.html,67,html,9b3088e4,Sean Harmon,2025-10-07,09:06:58,-07:00,2025-10-07T09:06:58-07:00,4,19
cv\index.html,68,html,9b3088e4,Sean Harmon,2025-10-07,09:06:58,-07:00,2025-10-07T09:06:58-07:00,5,36
cv\index.html,69,html,9b3088e4,Sean Harmon,2025-10-07,09:06:58,-07:00,2025-10-07T09:06:58-07:00,5,56
cv\index.html,70,html,9b3088e4,Sean Harmon,2025-10-07,09:06:58,-07:00,2025-10-07T09:06:58-07:00,4,4
cv\index.html,71,html,9b3088e4,Sean Harmon,2025-10-07,09:06:58,-07:00,2025-10-07T09:06:58-07:00,4,19
cv\index.html,72,html,9b3088e4,Sean Harmon,2025-10-07,09:06:58,-07:00,2025-10-07T09:06:58-07:00,5,20
cv\index.html,73,html,9b3088e4,Sean Harmon,2025-10-07,09:06:58,-07:00,2025-10-07T09:06:58-07:00,5,32
cv\index.html,74,html,9b3088e4,Sean Harmon,2025-10-07,09:06:58,-07:00,2025-10-07T09:06:58-07:00,4,4
cv\index.html,75,html,9b3088e4,Sean Harmon,2025-10-07,09:06:58,-07:00,2025-10-07T09:06:58-07:00,4,19
cv\index.html,76,html,9b3088e4,Sean Harmon,2025-10-07,09:06:58,-07:00,2025-10-07T09:06:58-07:00,5,14
cv\index.html,77,html,9b3088e4,Sean Harmon,2025-10-07,09:06:58,-07:00,2025-10-07T09:06:58-07:00,5,37
cv\index.html,78,html,9b3088e4,Sean Harmon,2025-10-07,09:06:58,-07:00,2025-10-07T09:06:58-07:00,4,4
cv\index.html,79,html,9b3088e4,Sean Harmon,2025-10-07,09:06:58,-07:00,2025-10-07T09:06:58-07:00,4,19
cv\index.html,80,html,9b3088e4,Sean Harmon,2025-10-07,09:06:58,-07:00,2025-10-07T09:06:58-07:00,5,16
cv\index.html,81,html,9b3088e4,Sean Harmon,2025-10-07,09:06:58,-07:00,2025-10-07T09:06:58-07:00,5,23
cv\index.html,82,html,9b3088e4,Sean Harmon,2025-10-07,09:06:58,-07:00,2025-10-07T09:06:58-07:00,4,4
cv\index.html,83,html,899def28,Sean Harmon,2025-09-27,23:13:36,-07:00,2025-09-27T23:13:36-07:00,3,8
cv\index.html,84,html,899def28,Sean Harmon,2025-09-27,23:13:36,-07:00,2025-09-27T23:13:36-07:00,2,8
cv\index.html,85,html,17cd5d8a,Sean Harmon,2025-09-27,21:26:12,-07:00,2025-09-27T21:26:12-07:00,1,8
cv\index.html,86,html,e81087f1,Sean Harmon,2025-10-20,10:35:30,-07:00,2025-10-20T10:35:30-07:00,0,48
cv\index.html,87,html,17cd5d8a,Sean Harmon,2025-09-27,21:26:12,-07:00,2025-09-27T21:26:12-07:00,0,5
cv\index.html,88,html,17cd5d8a,Sean Harmon,2025-09-27,21:26:12,-07:00,2025-09-27T21:26:12-07:00,0,5
cv\cv_style.css,1,css,9b3088e4,Sean Harmon,2025-10-07,09:06:58,-07:00,2025-10-07T09:06:58-07:00,0,26
cv\cv_style.css,2,css,9b3088e4,Sean Harmon,2025-10-07,09:06:58,-07:00,2025-10-07T09:06:58-07:00,0,0
cv\cv_style.css,3,css,9b3088e4,Sean Harmon,2025-10-07,09:06:58,-07:00,2025-10-07T09:06:58-07:00,0,4
cv\cv_style.css,4,css,9b3088e4,Sean Harmon,2025-10-07,09:06:58,-07:00,2025-10-07T09:06:58-07:00,1,19
cv\cv_style.css,5,css,9b3088e4,Sean Harmon,2025-10-07,09:06:58,-07:00,2025-10-07T09:06:58-07:00,0,0
cv\cv_style.css,6,css,9b3088e4,Sean Harmon,2025-10-07,09:06:58,-07:00,2025-10-07T09:06:58-07:00,0,0
cv\cv_style.css,7,css,9b3088e4,Sean Harmon,2025-10-07,09:06:58,-07:00,2025-10-07T09:06:58-07:00,0,7
cv\cv_style.css,8,css,9b3088e4,Sean Harmon,2025-10-07,09:06:58,-07:00,2025-10-07T09:06:58-07:00,1,12
cv\cv_style.css,9,css,9b3088e4,Sean Harmon,2025-10-07,09:06:58,-07:00,2025-10-07T09:06:58-07:00,1,27
cv\cv_style.css,10,css,9b3088e4,Sean Harmon,2025-10-07,09:06:58,-07:00,2025-10-07T09:06:58-07:00,0,0
cv\cv_style.css,11,css,9b3088e4,Sean Harmon,2025-10-07,09:06:58,-07:00,2025-10-07T09:06:58-07:00,0,0
cv\cv_style.css,12,css,9b3088e4,Sean Harmon,2025-10-07,09:06:58,-07:00,2025-10-07T09:06:58-07:00,0,2
cv\cv_style.css,13,css,9b3088e4,Sean Harmon,2025-10-07,09:06:58,-07:00,2025-10-07T09:06:58-07:00,1,13
cv\cv_style.css,14,css,9b3088e4,Sean Harmon,2025-10-07,09:06:58,-07:00,2025-10-07T09:06:58-07:00,1,17
cv\cv_style.css,15,css,9b3088e4,Sean Harmon,2025-10-07,09:06:58,-07:00,2025-10-07T09:06:58-07:00,1,18
cv\cv_style.css,16,css,9b3088e4,Sean Harmon,2025-10-07,09:06:58,-07:00,2025-10-07T09:06:58-07:00,0,0
cv\cv_style.css,17,css,9b3088e4,Sean Harmon,2025-10-07,09:06:58,-07:00,2025-10-07T09:06:58-07:00,0,0
cv\cv_style.css,18,css,9b3088e4,Sean Harmon,2025-10-07,09:06:58,-07:00,2025-10-07T09:06:58-07:00,0,2
cv\cv_style.css,19,css,9b3088e4,Sean Harmon,2025-10-07,09:06:58,-07:00,2025-10-07T09:06:58-07:00,1,13
cv\cv_style.css,20,css,9b3088e4,Sean Harmon,2025-10-07,09:06:58,-07:00,2025-10-07T09:06:58-07:00,1,17
cv\cv_style.css,21,css,9b3088e4,Sean Harmon,2025-10-07,09:06:58,-07:00,2025-10-07T09:06:58-07:00,1,18
cv\cv_style.css,22,css,9b3088e4,Sean Harmon,2025-10-07,09:06:58,-07:00,2025-10-07T09:06:58-07:00,0,0
cv\cv_style.css,23,css,9b3088e4,Sean Harmon,2025-10-07,09:06:58,-07:00,2025-10-07T09:06:58-07:00,0,0
cv\cv_style.css,24,css,9b3088e4,Sean Harmon,2025-10-07,09:06:58,-07:00,2025-10-07T09:06:58-07:00,0,7
cv\cv_style.css,25,css,9b3088e4,Sean Harmon,2025-10-07,09:06:58,-07:00,2025-10-07T09:06:58-07:00,1,12
cv\cv_style.css,26,css,9b3088e4,Sean Harmon,2025-10-07,09:06:58,-07:00,2025-10-07T09:06:58-07:00,1,29
cv\cv_style.css,27,css,9b3088e4,Sean Harmon,2025-10-07,09:06:58,-07:00,2025-10-07T09:06:58-07:00,1,16
cv\cv_style.css,28,css,9b3088e4,Sean Harmon,2025-10-07,09:06:58,-07:00,2025-10-07T09:06:58-07:00,1,15
cv\cv_style.css,29,css,9b3088e4,Sean Harmon,2025-10-07,09:06:58,-07:00,2025-10-07T09:06:58-07:00,0,0
cv\cv_style.css,30,css,9b3088e4,Sean Harmon,2025-10-07,09:06:58,-07:00,2025-10-07T09:06:58-07:00,0,0
cv\cv_style.css,31,css,9b3088e4,Sean Harmon,2025-10-07,09:06:58,-07:00,2025-10-07T09:06:58-07:00,0,2
cv\cv_style.css,32,css,9b3088e4,Sean Harmon,2025-10-07,09:06:58,-07:00,2025-10-07T09:06:58-07:00,1,18
cv\cv_style.css,33,css,9b3088e4,Sean Harmon,2025-10-07,09:06:58,-07:00,2025-10-07T09:06:58-07:00,1,14
cv\cv_style.css,34,css,9b3088e4,Sean Harmon,2025-10-07,09:06:58,-07:00,2025-10-07T09:06:58-07:00,0,0
cv\cv_style.css,35,css,9b3088e4,Sean Harmon,2025-10-07,09:06:58,-07:00,2025-10-07T09:06:58-07:00,0,0
cv\cv_style.css,36,css,9b3088e4,Sean Harmon,2025-10-07,09:06:58,-07:00,2025-10-07T09:06:58-07:00,0,14
cv\cv_style.css,37,css,9b3088e4,Sean Harmon,2025-10-07,09:06:58,-07:00,2025-10-07T09:06:58-07:00,1,16
cv\cv_style.css,38,css,9b3088e4,Sean Harmon,2025-10-07,09:06:58,-07:00,2025-10-07T09:06:58-07:00,1,20
cv\cv_style.css,39,css,9b3088e4,Sean Harmon,2025-10-07,09:06:58,-07:00,2025-10-07T09:06:58-07:00,1,18
cv\cv_style.css,40,css,9b3088e4,Sean Harmon,2025-10-07,09:06:58,-07:00,2025-10-07T09:06:58-07:00,1,16
cv\cv_style.css,41,css,9b3088e4,Sean Harmon,2025-10-07,09:06:58,-07:00,2025-10-07T09:06:58-07:00,0,0
cv\cv_style.css,42,css,9b3088e4,Sean Harmon,2025-10-07,09:06:58,-07:00,2025-10-07T09:06:58-07:00,0,0
cv\cv_style.css,43,css,9b3088e4,Sean Harmon,2025-10-07,09:06:58,-07:00,2025-10-07T09:06:58-07:00,0,9
cv\cv_style.css,44,css,9b3088e4,Sean Harmon,2025-10-07,09:06:58,-07:00,2025-10-07T09:06:58-07:00,1,13
cv\cv_style.css,45,css,9b3088e4,Sean Harmon,2025-10-07,09:06:58,-07:00,2025-10-07T09:06:58-07:00,1,18
cv\cv_style.css,46,css,9b3088e4,Sean Harmon,2025-10-07,09:06:58,-07:00,2025-10-07T09:06:58-07:00,0,0
cv\cv_style.css,47,css,9b3088e4,Sean Harmon,2025-10-07,09:06:58,-07:00,2025-10-07T09:06:58-07:00,0,0
cv\cv_style.css,48,css,9b3088e4,Sean Harmon,2025-10-07,09:06:58,-07:00,2025-10-07T09:06:58-07:00,0,29
cv\cv_style.css,49,css,9b3088e4,Sean Harmon,2025-10-07,09:06:58,-07:00,2025-10-07T09:06:58-07:00,1,15
cv\cv_style.css,50,css,9b3088e4,Sean Harmon,2025-10-07,09:06:58,-07:00,2025-10-07T09:06:58-07:00,0,0
cv\cv_style.css,51,css,9b3088e4,Sean Harmon,2025-10-07,09:06:58,-07:00,2025-10-07T09:06:58-07:00,0,0
cv\cv_style.css,52,css,9b3088e4,Sean Harmon,2025-10-07,09:06:58,-07:00,2025-10-07T09:06:58-07:00,0,8
cv\cv_style.css,53,css,9b3088e4,Sean Harmon,2025-10-07,09:06:58,-07:00,2025-10-07T09:06:58-07:00,1,17
cv\cv_style.css,54,css,9b3088e4,Sean Harmon,2025-10-07,09:06:58,-07:00,2025-10-07T09:06:58-07:00,1,18
cv\cv_style.css,55,css,9b3088e4,Sean Harmon,2025-10-07,09:06:58,-07:00,2025-10-07T09:06:58-07:00,1,14
cv\cv_style.css,56,css,9b3088e4,Sean Harmon,2025-10-07,09:06:58,-07:00,2025-10-07T09:06:58-07:00,1,18
cv\cv_style.css,57,css,9b3088e4,Sean Harmon,2025-10-07,09:06:58,-07:00,2025-10-07T09:06:58-07:00,0,0
cv\cv_style.css,58,css,9b3088e4,Sean Harmon,2025-10-07,09:06:58,-07:00,2025-10-07T09:06:58-07:00,0,0
cv\cv_style.css,59,css,9b3088e4,Sean Harmon,2025-10-07,09:06:58,-07:00,2025-10-07T09:06:58-07:00,0,5
cv\cv_style.css,60,css,9b3088e4,Sean Harmon,2025-10-07,09:06:58,-07:00,2025-10-07T09:06:58-07:00,1,15
cv\cv_style.css,61,css,9b3088e4,Sean Harmon,2025-10-07,09:06:58,-07:00,2025-10-07T09:06:58-07:00,0,0
cv\cv_style.css,62,css,9b3088e4,Sean Harmon,2025-10-07,09:06:58,-07:00,2025-10-07T09:06:58-07:00,0,0
cv\cv_style.css,63,css,9b3088e4,Sean Harmon,2025-10-07,09:06:58,-07:00,2025-10-07T09:06:58-07:00,0,9
cv\cv_style.css,64,css,9b3088e4,Sean Harmon,2025-10-07,09:06:58,-07:00,2025-10-07T09:06:58-07:00,1,14
cv\cv_style.css,65,css,9b3088e4,Sean Harmon,2025-10-07,09:06:58,-07:00,2025-10-07T09:06:58-07:00,0,0
cv\cv_style.css,66,css,9b3088e4,Sean Harmon,2025-10-07,09:06:58,-07:00,2025-10-07T09:06:58-07:00,0,0
cv\cv_style.css,67,css,9b3088e4,Sean Harmon,2025-10-07,09:06:58,-07:00,2025-10-07T09:06:58-07:00,0,19
cv\cv_style.css,68,css,9b3088e4,Sean Harmon,2025-10-07,09:06:58,-07:00,2025-10-07T09:06:58-07:00,1,15
cv\cv_style.css,69,css,9b3088e4,Sean Harmon,2025-10-07,09:06:58,-07:00,2025-10-07T09:06:58-07:00,0,0
cv\cv_style.css,70,css,9b3088e4,Sean Harmon,2025-10-07,09:06:58,-07:00,2025-10-07T09:06:58-07:00,0,0
cv\cv_style.css,71,css,9b3088e4,Sean Harmon,2025-10-07,09:06:58,-07:00,2025-10-07T09:06:58-07:00,0,9
cv\cv_style.css,72,css,9b3088e4,Sean Harmon,2025-10-07,09:06:58,-07:00,2025-10-07T09:06:58-07:00,1,14
cv\cv_style.css,73,css,9b3088e4,Sean Harmon,2025-10-07,09:06:58,-07:00,2025-10-07T09:06:58-07:00,0,0
cv\cv_style.css,74,css,9b3088e4,Sean Harmon,2025-10-07,09:06:58,-07:00,2025-10-07T09:06:58-07:00,0,0
cv\cv_style.css,75,css,9b3088e4,Sean Harmon,2025-10-07,09:06:58,-07:00,2025-10-07T09:06:58-07:00,0,11
cv\cv_style.css,76,css,9b3088e4,Sean Harmon,2025-10-07,09:06:58,-07:00,2025-10-07T09:06:58-07:00,1,12
cv\cv_style.css,77,css,9b3088e4,Sean Harmon,2025-10-07,09:06:58,-07:00,2025-10-07T09:06:58-07:00,1,27
cv\cv_style.css,78,css,9b3088e4,Sean Harmon,2025-10-07,09:06:58,-07:00,2025-10-07T09:06:58-07:00,1,13
cv\cv_style.css,79,css,9b3088e4,Sean Harmon,2025-10-07,09:06:58,-07:00,2025-10-07T09:06:58-07:00,1,7
cv\cv_style.css,80,css,9b3088e4,Sean Harmon,2025-10-07,09:06:58,-07:00,2025-10-07T09:06:58-07:00,0,0
cv\cv_style.css,81,css,9b3088e4,Sean Harmon,2025-10-07,09:06:58,-07:00,2025-10-07T09:06:58-07:00,0,0
cv\cv_style.css,82,css,9b3088e4,Sean Harmon,2025-10-07,09:06:58,-07:00,2025-10-07T09:06:58-07:00,0,8
cv\cv_style.css,83,css,9b3088e4,Sean Harmon,2025-10-07,09:06:58,-07:00,2025-10-07T09:06:58-07:00,1,12
cv\cv_style.css,84,css,9b3088e4,Sean Harmon,2025-10-07,09:06:58,-07:00,2025-10-07T09:06:58-07:00,1,26
cv\cv_style.css,85,css,9b3088e4,Sean Harmon,2025-10-07,09:06:58,-07:00,2025-10-07T09:06:58-07:00,1,17
cv\cv_style.css,86,css,9b3088e4,Sean Harmon,2025-10-07,09:06:58,-07:00,2025-10-07T09:06:58-07:00,1,1
cv\cv_style.css,87,css,9b3088e4,Sean Harmon,2025-10-07,09:06:58,-07:00,2025-10-07T09:06:58-07:00,2,15
cv\cv_style.css,88,css,9b3088e4,Sean Harmon,2025-10-07,09:06:58,-07:00,2025-10-07T09:06:58-07:00,1,0
cv\cv_style.css,89,css,9b3088e4,Sean Harmon,2025-10-07,09:06:58,-07:00,2025-10-07T09:06:58-07:00,0,0
cv\cv_style.css,90,css,9b3088e4,Sean Harmon,2025-10-07,09:06:58,-07:00,2025-10-07T09:06:58-07:00,0,0
cv\cv_style.css,91,css,9b3088e4,Sean Harmon,2025-10-07,09:06:58,-07:00,2025-10-07T09:06:58-07:00,0,0
cv\cv_style.css,92,css,9b3088e4,Sean Harmon,2025-10-07,09:06:58,-07:00,2025-10-07T09:06:58-07:00,0,0
cv\cv_style.css,93,css,9b3088e4,Sean Harmon,2025-10-07,09:06:58,-07:00,2025-10-07T09:06:58-07:00,0,0
coursework\index.html,1,html,9b3088e4,Sean Harmon,2025-10-07,09:06:58,-07:00,2025-10-07T09:06:58-07:00,0,13
coursework\index.html,2,html,9b3088e4,Sean Harmon,2025-10-07,09:06:58,-07:00,2025-10-07T09:06:58-07:00,0,14
coursework\index.html,3,html,9b3088e4,Sean Harmon,2025-10-07,09:06:58,-07:00,2025-10-07T09:06:58-07:00,0,4
coursework\index.html,4,html,9b3088e4,Sean Harmon,2025-10-07,09:06:58,-07:00,2025-10-07T09:06:58-07:00,1,20
coursework\index.html,5,html,9b3088e4,Sean Harmon,2025-10-07,09:06:58,-07:00,2025-10-07T09:06:58-07:00,1,68
coursework\index.html,6,html,8c631c07,Sean Harmon,2025-10-07,12:07:42,-07:00,2025-10-07T12:07:42-07:00,1,23
coursework\index.html,7,html,9b3088e4,Sean Harmon,2025-10-07,09:06:58,-07:00,2025-10-07T09:06:58-07:00,1,49
coursework\index.html,8,html,9b3088e4,Sean Harmon,2025-10-07,09:06:58,-07:00,2025-10-07T09:06:58-07:00,0,5
coursework\index.html,9,html,9b3088e4,Sean Harmon,2025-10-07,09:06:58,-07:00,2025-10-07T09:06:58-07:00,0,4
coursework\index.html,10,html,9b3088e4,Sean Harmon,2025-10-07,09:06:58,-07:00,2025-10-07T09:06:58-07:00,1,26
coursework\index.html,11,html,9b3088e4,Sean Harmon,2025-10-07,09:06:58,-07:00,2025-10-07T09:06:58-07:00,2,6
coursework\index.html,12,html,9b3088e4,Sean Harmon,2025-10-07,09:06:58,-07:00,2025-10-07T09:06:58-07:00,3,25
coursework\index.html,13,html,9b3088e4,Sean Harmon,2025-10-07,09:06:58,-07:00,2025-10-07T09:06:58-07:00,2,7
coursework\index.html,14,html,9b3088e4,Sean Harmon,2025-10-07,09:06:58,-07:00,2025-10-07T09:06:58-07:00,2,92
coursework\index.html,15,html,9b3088e4,Sean Harmon,2025-10-07,09:06:58,-07:00,2025-10-07T09:06:58-07:00,2,26
coursework\index.html,16,html,9b3088e4,Sean Harmon,2025-10-07,09:06:58,-07:00,2025-10-07T09:06:58-07:00,3,19
coursework\index.html,17,html,9b3088e4,Sean Harmon,2025-10-07,09:06:58,-07:00,2025-10-07T09:06:58-07:00,3,2
coursework\index.html,18,html,9b3088e4,Sean Harmon,2025-10-07,09:06:58,-07:00,2025-10-07T09:06:58-07:00,4,25
coursework\index.html,19,html,9b3088e4,Sean Harmon,2025-10-07,09:06:58,-07:00,2025-10-07T09:06:58-07:00,4,26
coursework\index.html,20,html,9b3088e4,Sean Harmon,2025-10-07,09:06:58,-07:00,2025-10-07T09:06:58-07:00,4,26
coursework\index.html,21,html,9b3088e4,Sean Harmon,2025-10-07,09:06:58,-07:00,2025-10-07T09:06:58-07:00,4,208
coursework\index.html,22,html,9b3088e4,Sean Harmon,2025-10-07,09:06:58,-07:00,2025-10-07T09:06:58-07:00,4,107
coursework\index.html,23,html,9b3088e4,Sean Harmon,2025-10-07,09:06:58,-07:00,2025-10-07T09:06:58-07:00,4,101
coursework\index.html,24,html,9b3088e4,Sean Harmon,2025-10-07,09:06:58,-07:00,2025-10-07T09:06:58-07:00,4,122
coursework\index.html,25,html,9b3088e4,Sean Harmon,2025-10-07,09:06:58,-07:00,2025-10-07T09:06:58-07:00,4,137
coursework\index.html,26,html,9b3088e4,Sean Harmon,2025-10-07,09:06:58,-07:00,2025-10-07T09:06:58-07:00,4,109
coursework\index.html,27,html,9b3088e4,Sean Harmon,2025-10-07,09:06:58,-07:00,2025-10-07T09:06:58-07:00,3,3
coursework\index.html,28,html,9b3088e4,Sean Harmon,2025-10-07,09:06:58,-07:00,2025-10-07T09:06:58-07:00,2,8
coursework\index.html,29,html,9b3088e4,Sean Harmon,2025-10-07,09:06:58,-07:00,2025-10-07T09:06:58-07:00,2,27
coursework\index.html,30,html,9b3088e4,Sean Harmon,2025-10-07,09:06:58,-07:00,2025-10-07T09:06:58-07:00,3,11
coursework\index.html,31,html,9b3088e4,Sean Harmon,2025-10-07,09:06:58,-07:00,2025-10-07T09:06:58-07:00,3,2
coursework\index.html,32,html,9b3088e4,Sean Harmon,2025-10-07,09:06:58,-07:00,2025-10-07T09:06:58-07:00,4,27
coursework\index.html,33,html,9b3088e4,Sean Harmon,2025-10-07,09:06:58,-07:00,2025-10-07T09:06:58-07:00,4,186
coursework\index.html,34,html,9b3088e4,Sean Harmon,2025-10-07,09:06:58,-07:00,2025-10-07T09:06:58-07:00,4,101
coursework\index.html,35,html,9b3088e4,Sean Harmon,2025-10-07,09:06:58,-07:00,2025-10-07T09:06:58-07:00,4,112
coursework\index.html,36,html,9b3088e4,Sean Harmon,2025-10-07,09:06:58,-07:00,2025-10-07T09:06:58-07:00,4,133
coursework\index.html,37,html,9b3088e4,Sean Harmon,2025-10-07,09:06:58,-07:00,2025-10-07T09:06:58-07:00,3,3
coursework\index.html,38,html,9b3088e4,Sean Harmon,2025-10-07,09:06:58,-07:00,2025-10-07T09:06:58-07:00,2,8
coursework\index.html,39,html,9b3088e4,Sean Harmon,2025-10-07,09:06:58,-07:00,2025-10-07T09:06:58-07:00,2,27
coursework\index.html,40,html,9b3088e4,Sean Harmon,2025-10-07,09:06:58,-07:00,2025-10-07T09:06:58-07:00,3,18
coursework\index.html,41,html,9b3088e4,Sean Harmon,2025-10-07,09:06:58,-07:00,2025-10-07T09:06:58-07:00,3,2
coursework\index.html,42,html,9b3088e4,Sean Harmon,2025-10-07,09:06:58,-07:00,2025-10-07T09:06:58-07:00,4,26
coursework\index.html,43,html,9b3088e4,Sean Harmon,2025-10-07,09:06:58,-07:00,2025-10-07T09:06:58-07:00,3,3
coursework\index.html,44,html,9b3088e4,Sean Harmon,2025-10-07,09:06:58,-07:00,2025-10-07T09:06:58-07:00,2,8
coursework\index.html,45,html,9b3088e4,Sean Harmon,2025-10-07,09:06:58,-07:00,2025-10-07T09:06:58-07:00,2,27
coursework\index.html,46,html,9b3088e4,Sean Harmon,2025-10-07,09:06:58,-07:00,2025-10-07T09:06:58-07:00,3,20
coursework\index.html,47,html,9b3088e4,Sean Harmon,2025-10-07,09:06:58,-07:00,2025-10-07T09:06:58-07:00,3,2
coursework\index.html,48,html,9b3088e4,Sean Harmon,2025-10-07,09:06:58,-07:00,2025-10-07T09:06:58-07:00,4,105
coursework\index.html,49,html,9b3088e4,Sean Harmon,2025-10-07,09:06:58,-07:00,2025-10-07T09:06:58-07:00,4,88
coursework\index.html,50,html,9b3088e4,Sean Harmon,2025-10-07,09:06:58,-07:00,2025-10-07T09:06:58-07:00,3,3
coursework\index.html,51,html,9b3088e4,Sean Harmon,2025-10-07,09:06:58,-07:00,2025-10-07T09:06:58-07:00,2,8
coursework\index.html,52,html,9b3088e4,Sean Harmon,2025-10-07,09:06:58,-07:00,2025-10-07T09:06:58-07:00,1,8
coursework\index.html,53,html,9b3088e4,Sean Harmon,2025-10-07,09:06:58,-07:00,2025-10-07T09:06:58-07:00,0,5
coursework\index.html,54,html,e81087f1,Sean Harmon,2025-10-20,10:35:30,-07:00,2025-10-20T10:35:30-07:00,0,48
coursework\index.html,55,html,9b3088e4,Sean Harmon,2025-10-07,09:06:58,-07:00,2025-10-07T09:06:58-07:00,0,5
coursework\coursework_style.css,1,css,28820eee,Sean Harmon,2025-10-07,12:21:58,-07:00,2025-10-07T12:21:58-07:00,0,26
coursework\coursework_style.css,2,css,28820eee,Sean Harmon,2025-10-07,12:21:58,-07:00,2025-10-07T12:21:58-07:00,0,0
coursework\coursework_style.css,3,css,28820eee,Sean Harmon,2025-10-07,12:21:58,-07:00,2025-10-07T12:21:58-07:00,0,2
coursework\coursework_style.css,4,css,28820eee,Sean Harmon,2025-10-07,12:21:58,-07:00,2025-10-07T12:21:58-07:00,0,13
coursework\coursework_style.css,5,css,28820eee,Sean Harmon,2025-10-07,12:21:58,-07:00,2025-10-07T12:21:58-07:00,0,18
coursework\coursework_style.css,6,css,28820eee,Sean Harmon,2025-10-07,12:21:58,-07:00,2025-10-07T12:21:58-07:00,0,0
coursework\coursework_style.css,7,css,28820eee,Sean Harmon,2025-10-07,12:21:58,-07:00,2025-10-07T12:21:58-07:00,0,0
coursework\coursework_style.css,8,css,28820eee,Sean Harmon,2025-10-07,12:21:58,-07:00,2025-10-07T12:21:58-07:00,0,2
coursework\coursework_style.css,9,css,28820eee,Sean Harmon,2025-10-07,12:21:58,-07:00,2025-10-07T12:21:58-07:00,0,13
coursework\coursework_style.css,10,css,675e9d78,Sean Harmon,2025-10-07,12:29:50,-07:00,2025-10-07T12:29:50-07:00,0,18
coursework\coursework_style.css,11,css,28820eee,Sean Harmon,2025-10-07,12:21:58,-07:00,2025-10-07T12:21:58-07:00,0,0
contact\index.html,1,html,17cd5d8a,Sean Harmon,2025-09-27,21:26:12,-07:00,2025-09-27T21:26:12-07:00,0,13
contact\index.html,2,html,17cd5d8a,Sean Harmon,2025-09-27,21:26:12,-07:00,2025-09-27T21:26:12-07:00,0,14
contact\index.html,3,html,17cd5d8a,Sean Harmon,2025-09-27,21:26:12,-07:00,2025-09-27T21:26:12-07:00,0,4
contact\index.html,4,html,17cd5d8a,Sean Harmon,2025-09-27,21:26:12,-07:00,2025-09-27T21:26:12-07:00,1,20
contact\index.html,5,html,17cd5d8a,Sean Harmon,2025-09-27,21:26:12,-07:00,2025-09-27T21:26:12-07:00,1,68
contact\index.html,6,html,899def28,Sean Harmon,2025-09-27,23:13:36,-07:00,2025-09-27T23:13:36-07:00,1,23
contact\index.html,7,html,9b3088e4,Sean Harmon,2025-10-07,09:06:58,-07:00,2025-10-07T09:06:58-07:00,1,46
contact\index.html,8,html,17cd5d8a,Sean Harmon,2025-09-27,21:26:12,-07:00,2025-09-27T21:26:12-07:00,0,5
contact\index.html,9,html,17cd5d8a,Sean Harmon,2025-09-27,21:26:12,-07:00,2025-09-27T21:26:12-07:00,0,4
contact\index.html,10,html,4a31a966,Sean Harmon,2025-10-06,14:26:52,-07:00,2025-10-06T14:26:52-07:00,1,17
contact\index.html,11,html,e8f8b8b9,Sean Harmon,2025-10-13,21:32:55,-07:00,2025-10-13T21:32:55-07:00,1,51
contact\index.html,12,html,4a31a966,Sean Harmon,2025-10-06,14:26:52,-07:00,2025-10-06T14:26:52-07:00,2,5
contact\index.html,13,html,4a31a966,Sean Harmon,2025-10-06,14:26:52,-07:00,2025-10-06T14:26:52-07:00,3,36
contact\index.html,14,html,4a31a966,Sean Harmon,2025-10-06,14:26:52,-07:00,2025-10-06T14:26:52-07:00,2,6
contact\index.html,15,html,4a31a966,Sean Harmon,2025-10-06,14:26:52,-07:00,2025-10-06T14:26:52-07:00,2,5
contact\index.html,16,html,4a31a966,Sean Harmon,2025-10-06,14:26:52,-07:00,2025-10-06T14:26:52-07:00,3,82
contact\index.html,17,html,4a31a966,Sean Harmon,2025-10-06,14:26:52,-07:00,2025-10-06T14:26:52-07:00,2,6
contact\index.html,18,html,4a31a966,Sean Harmon,2025-10-06,14:26:52,-07:00,2025-10-06T14:26:52-07:00,2,19
contact\index.html,19,html,17cd5d8a,Sean Harmon,2025-09-27,21:26:12,-07:00,2025-09-27T21:26:12-07:00,1,5
contact\index.html,20,html,17cd5d8a,Sean Harmon,2025-09-27,21:26:12,-07:00,2025-09-27T21:26:12-07:00,0,5
contact\index.html,21,html,e81087f1,Sean Harmon,2025-10-20,10:35:30,-07:00,2025-10-20T10:35:30-07:00,0,48
contact\index.html,22,html,17cd5d8a,Sean Harmon,2025-09-27,21:26:12,-07:00,2025-09-27T21:26:12-07:00,0,5
contact\contact_style.css,1,css,9b3088e4,Sean Harmon,2025-10-07,09:06:58,-07:00,2025-10-07T09:06:58-07:00,0,26
contact\contact_style.css,2,css,9b3088e4,Sean Harmon,2025-10-07,09:06:58,-07:00,2025-10-07T09:06:58-07:00,0,0
contact\contact_style.css,3,css,9b3088e4,Sean Harmon,2025-10-07,09:06:58,-07:00,2025-10-07T09:06:58-07:00,0,4
contact\contact_style.css,4,css,9b3088e4,Sean Harmon,2025-10-07,09:06:58,-07:00,2025-10-07T09:06:58-07:00,1,12
contact\contact_style.css,5,css,9b3088e4,Sean Harmon,2025-10-07,09:06:58,-07:00,2025-10-07T09:06:58-07:00,1,30
contact\contact_style.css,6,css,9b3088e4,Sean Harmon,2025-10-07,09:06:58,-07:00,2025-10-07T09:06:58-07:00,1,7
contact\contact_style.css,7,css,9b3088e4,Sean Harmon,2025-10-07,09:06:58,-07:00,2025-10-07T09:06:58-07:00,0,0
contact\contact_style.css,8,css,9b3088e4,Sean Harmon,2025-10-07,09:06:58,-07:00,2025-10-07T09:06:58-07:00,0,0
contact\contact_style.css,9,css,9b3088e4,Sean Harmon,2025-10-07,09:06:58,-07:00,2025-10-07T09:06:58-07:00,0,5
contact\contact_style.css,10,css,9b3088e4,Sean Harmon,2025-10-07,09:06:58,-07:00,2025-10-07T09:06:58-07:00,1,12
contact\contact_style.css,11,css,9b3088e4,Sean Harmon,2025-10-07,09:06:58,-07:00,2025-10-07T09:06:58-07:00,1,29
contact\contact_style.css,12,css,9b3088e4,Sean Harmon,2025-10-07,09:06:58,-07:00,2025-10-07T09:06:58-07:00,1,16
contact\contact_style.css,13,css,9b3088e4,Sean Harmon,2025-10-07,09:06:58,-07:00,2025-10-07T09:06:58-07:00,0,0
contact\contact_style.css,14,css,9b3088e4,Sean Harmon,2025-10-07,09:06:58,-07:00,2025-10-07T09:06:58-07:00,0,0
contact\contact_style.css,15,css,9b3088e4,Sean Harmon,2025-10-07,09:06:58,-07:00,2025-10-07T09:06:58-07:00,0,6
contact\contact_style.css,16,css,9b3088e4,Sean Harmon,2025-10-07,09:06:58,-07:00,2025-10-07T09:06:58-07:00,1,12
contact\contact_style.css,17,css,d223b5da,Sean Harmon,2025-10-07,09:15:09,-07:00,2025-10-07T09:15:09-07:00,1,22
contact\contact_style.css,18,css,9b3088e4,Sean Harmon,2025-10-07,09:06:58,-07:00,2025-10-07T09:06:58-07:00,1,16
contact\contact_style.css,19,css,9b3088e4,Sean Harmon,2025-10-07,09:06:58,-07:00,2025-10-07T09:06:58-07:00,1,15
contact\contact_style.css,20,css,9b3088e4,Sean Harmon,2025-10-07,09:06:58,-07:00,2025-10-07T09:06:58-07:00,1,18
contact\contact_style.css,21,css,acbe8036,Sean Harmon,2025-10-07,09:34:15,-07:00,2025-10-07T09:34:15-07:00,0,0
